Handle,Title,Body (HTML),Vendor,Product Category,Type,Tags,Published,Option1 Name,Option1 Value,Option1 Linked To,Option2 Name,Option2 Value,Option2 Linked To,Option3 Name,Option3 Value,Option3 Linked To,Variant SKU,Variant Grams,Variant Inventory Tracker,Variant Inventory Qty,Variant Inventory Policy,Variant Fulfillment Service,Variant Price,Variant Compare At Price,Variant Requires Shipping,Variant Taxable,Unit Price Total Measure,Unit Price Total Measure Unit,Unit Price Base Measure,Unit Price Base Measure Unit,Variant Barcode,Image Src,Image Position,Image Alt Text,Gift Card,SEO Title,SEO Description,Variant Image,Variant Weight Unit,Variant Tax Code,Cost per item,Status
alecia-4-pc-bedroom-set,ALECIA 4 Pc. Bedroom Set,"<p><span style=""color:#1e73be;""><strong>FREE SHIPPING</strong></span><br>
Elevate your space with ALECIA, styled in Transitional and designed for everyday comfort.<br>
This youth bedroom set is made to fit naturally into the room. With Solid Wood, Others and White tones, it blends structure and softness in one clean profile.<br>
Product Dimensions: Varies by variant (see Variant Details below).<br>
Size: Twin, Full</p>

<p>Features<br>
- Solid Wood<br>
- Others<br>
- Bell-shape Design<br>
- Crown Molding<br>
- Faux Wood Carved Details<br>
- Nickel Hanging Pulls<br>
- Felt-lined Top Drawer<br>
- Mirror on Armoire<br>
- Foundation Required<br>
<strong>Variant Details</strong><br>
- <strong>Size: Twin | Color: White | Dimensions: 80 1/2&quot;L X 43 5/8&quot;W X 52&quot;H | Weight: 305.8 lbs | Volume: 47.5 cuft</strong><br>
- <strong>Size: Full | Color: White | Dimensions: 80 1/2&quot;L X 58 5/8&quot;W X 54&quot;H | Weight: 330 lbs | Volume: 50.2 cuft</strong><br>
</p>

<p>Materials: Solid Wood, Others.<br>
Color: White<br>
Weight: 305.8 - 330 lbs</p>",GOODDEGG,Furniture > Furniture Sets > Bedroom Furniture Sets,Bedroom Set,"Furniture of America, Quick Ship Furniture, New Arrival, Indoor Furniture, 2026",TRUE,Size,Twin,,,,,,,,CM7458WH-T-4PC,138709,shopify,20,deny,manual,2427,,TRUE,FALSE,,,,,,CM7458WH-1-Z.jpg,1,alecia-4-pc-bedroom-set,FALSE,ALECIA 4 Pc. Bedroom Set,"Shop ALECIA 4 Pc. Bedroom Set. Transitional style. Solid Wood, Others build. Multiple sizes available. Free shipping. Buy now at GOODDEGG.",CM7458WH-1-Z.jpg,lb,,939,active
alecia-4-pc-bedroom-set,,,,,,,,,Full,,,,,,,,CM7458WH-F-4PC,149685,shopify,20,deny,manual,2577,,TRUE,FALSE,,,,,,CM7458WH-2.jpg,2,alecia-4-pc-bedroom-set,,,,CM7458WH-1-Z.jpg,lb,,989,
alecia-4-pc-bedroom-set,,,,,,,,,,,,,,,,,,,,,,,,,,,,,,,,CM7458WH-3.jpg,3,alecia-4-pc-bedroom-set,,,,,,,,
alecia-4-pc-bedroom-set,,,,,,,,,,,,,,,,,,,,,,,,,,,,,,,,CM7458WH-4.jpg,4,alecia-4-pc-bedroom-set,,,,,,,,
alecia-4-pc-bedroom-set,,,,,,,,,,,,,,,,,,,,,,,,,,,,,,,,CM7458WH-5.jpg,5,alecia-4-pc-bedroom-set,,,,,,,,
allie-4-pc-bedroom-set,ALLIE 4 Pc. Bedroom Set,"<p><span style=""color:#1e73be;""><strong>FREE SHIPPING</strong></span><br>
Elevate your space with ALLIE, styled in Contemporary and designed for everyday comfort.<br>
This youth bedroom set is made to fit naturally into the room. With Fabric, Acrylic, Solid Wood, Others and Pearl White or Rose Gold tones, it blends structure and softness in one clean profile.<br>
Product Dimensions: Varies by variant (see Variant Details below).<br>
Size: Full, Twin</p>

<p>Features<br>
- Fabric<br>
- Acrylic<br>
- Solid Wood<br>
- Others<br>
- Padded Headboard w/Radial Pleats &amp; LED Light<br>
- Acrylic &amp; Mirror Accents<br>
- Mirror w/ LED Light<br>
- English Dovetail Drawers &amp; Ball-bearing Glides<br>
- Felt-lined Top Drawers<br>
- Optional Convertible Trundle<br>
- Foundation Required<br>
<strong>Variant Details</strong><br>
- <strong>Size: Full | Color: Pearl White | Dimensions: - | Weight: 439.56 lbs | Volume: 45.9 cuft</strong><br>
- <strong>Size: Full | Color: Rose Gold | Dimensions: 80 1/2&quot;L X 58&quot;W X 54&quot;H | Weight: 442.2 lbs | Volume: 46.8 cuft</strong><br>
- <strong>Size: Twin | Color: Rose Gold | Dimensions: 80 1/2&quot;L X 41 3/4&quot;W X 54&quot;H | Weight: 415 lbs | Volume: 44.4 cuft</strong><br>
- <strong>Size: Twin | Color: Pearl White | Dimensions: - | Weight: 413.22 lbs | Volume: 42.9 cuft</strong><br>
</p>

<p>Materials: Fabric, Acrylic, Solid Wood, Others.<br>
Color: Pearl White or Rose Gold<br>
Weight: 413.22 - 442.2 lbs</p>",GOODDEGG,Furniture > Furniture Sets > Bedroom Furniture Sets,Bedroom Set,"Furniture of America, Quick Ship Furniture, New Arrival, Indoor Furniture, 2026",TRUE,Size,Full,,Color,Pearl White,,,,,CM7901F-4PC,199381,shopify,20,deny,manual,2667,,TRUE,FALSE,,,,,,CM7901-1-Z.jpg,1,allie-4-pc-bedroom-set,FALSE,ALLIE 4 Pc. Bedroom Set,"Shop ALLIE 4 Pc. Bedroom Set. Contemporary style. Fabric, Acrylic build. Multiple sizes and colors available. Free shipping. Buy now at GOODDEGG.",CM7901-1-Z.jpg,lb,,1059,active
allie-4-pc-bedroom-set,,,,,,,,,Full,,,Rose Gold,,,,,CM7901RG-F-4PC,200579,shopify,20,deny,manual,2667,,TRUE,FALSE,,,,,,CM7901-2.jpg,2,allie-4-pc-bedroom-set,,,,CM7901RG-1-Z.jpg,lb,,1059,
allie-4-pc-bedroom-set,,,,,,,,,Twin,,,Rose Gold,,,,,CM7901RG-T-4PC,188241,shopify,20,deny,manual,2577,,TRUE,FALSE,,,,,,CM7901-3.jpg,3,allie-4-pc-bedroom-set,,,,CM7901RG-1-Z.jpg,lb,,959,
allie-4-pc-bedroom-set,,,,,,,,,Twin,,,Pearl White,,,,,CM7901T-4PC,187433,shopify,20,deny,manual,2577,,TRUE,FALSE,,,,,,CM7901-4.jpg,4,allie-4-pc-bedroom-set,,,,CM7901-1-Z.jpg,lb,,999,
allie-4-pc-bedroom-set,,,,,,,,,,,,,,,,,,,,,,,,,,,,,,,,CM7901RG-1-Z.jpg,5,allie-4-pc-bedroom-set,,,,,,,,
allie-4-pc-bedroom-set,,,,,,,,,,,,,,,,,,,,,,,,,,,,,,,,CM7901RG-2.jpg,6,allie-4-pc-bedroom-set,,,,,,,,
allie-4-pc-bedroom-set,,,,,,,,,,,,,,,,,,,,,,,,,,,,,,,,CM7901RG-3.jpg,7,allie-4-pc-bedroom-set,,,,,,,,
allie-4-pc-bedroom-set,,,,,,,,,,,,,,,,,,,,,,,,,,,,,,,,CM7901RG-4.jpg,8,allie-4-pc-bedroom-set,,,,,,,,
allie-4-pc-bedroom-set,,,,,,,,,,,,,,,,,,,,,,,,,,,,,,,,CM7901RG-5.jpg,9,allie-4-pc-bedroom-set,,,,,,,,
allie-4-pc-bedroom-set,,,,,,,,,,,,,,,,,,,,,,,,,,,,,,,,CM7901RG-6.jpg,10,allie-4-pc-bedroom-set,,,,,,,,
allie-4-pc-bedroom-set,,,,,,,,,,,,,,,,,,,,,,,,,,,,,,,,CM7901RG-7.jpg,11,allie-4-pc-bedroom-set,,,,,,,,
allie-4-pc-bedroom-set-w-trundle,ALLIE 4 Pc. Bedroom Set w/Trundle,"<p><span style=""color:#1e73be;""><strong>FREE SHIPPING</strong></span><br>
Elevate your space with ALLIE, styled in Contemporary and designed for everyday comfort.<br>
This youth bedroom set is made to fit naturally into the room. With Fabric, Acrylic, Solid Wood, Others and Pearl White or Rose Gold tones, it blends structure and softness in one clean profile.<br>
Product Dimensions: Varies by variant (see Variant Details below).<br>
Size: Full, Twin</p>

<p>Features<br>
- Fabric<br>
- Acrylic<br>
- Solid Wood<br>
- Others<br>
- Padded Headboard w/Radial Pleats &amp; LED Light<br>
- Acrylic &amp; Mirror Accents<br>
- Mirror w/ LED Light<br>
- English Dovetail Drawers &amp; Ball-bearing Glides<br>
- Felt-lined Top Drawers<br>
- Optional Convertible Trundle<br>
- Foundation Required<br>
<strong>Variant Details</strong><br>
- <strong>Size: Full | Color: Pearl White | Dimensions: - | Weight: 506.76 lbs | Volume: 50.2 cuft</strong><br>
- <strong>Size: Full | Color: Rose Gold | Dimensions: 80 1/2&quot;L X 58&quot;W X 54&quot;H | Weight: 510.2 lbs | Volume: 50.9 cuft</strong><br>
- <strong>Size: Twin | Color: Rose Gold | Dimensions: 80 1/2&quot;L X 41 3/4&quot;W X 54&quot;H | Weight: 483 lbs | Volume: 48.5 cuft</strong><br>
- <strong>Size: Twin | Color: Pearl White | Dimensions: - | Weight: 480.42 lbs | Volume: 47.2 cuft</strong><br>
</p>

<p>Materials: Fabric, Acrylic, Solid Wood, Others.<br>
Color: Pearl White or Rose Gold<br>
Weight: 480.42 - 510.2 lbs</p>",GOODDEGG,Furniture > Furniture Sets > Bedroom Furniture Sets,Bedroom Set,"Furniture of America, Quick Ship Furniture, New Arrival, Indoor Furniture, 2026",TRUE,Size,Full,,Color,Pearl White,,,,,CM7901F-4PC-TR,229862,shopify,20,deny,manual,2967,,TRUE,FALSE,,,,,,CM7901-1-Z.jpg,1,allie-4-pc-bedroom-set-w-trundle,FALSE,ALLIE 4 Pc. Bedroom Set w/Trundle,"Shop ALLIE 4 Pc. Bedroom Set w/Trundle. Contemporary style. Fabric, Acrylic build. Multiple sizes and colors available. Free shipping. Buy now at GOODDEGG.",CM7901-1-Z.jpg,lb,,1159,active
allie-4-pc-bedroom-set-w-trundle,,,,,,,,,Full,,,Rose Gold,,,,,CM7901RG-F-4PC-TR,231423,shopify,20,deny,manual,2967,,TRUE,FALSE,,,,,,CM7901-2.jpg,2,allie-4-pc-bedroom-set-w-trundle,,,,CM7901RG-TR-1.jpg,lb,,1159,
allie-4-pc-bedroom-set-w-trundle,,,,,,,,,Twin,,,Rose Gold,,,,,CM7901RG-T-4PC-TR,219085,shopify,20,deny,manual,2877,,TRUE,FALSE,,,,,,CM7901-3.jpg,3,allie-4-pc-bedroom-set-w-trundle,,,,CM7901RG-1-Z.jpg,lb,,1069,
allie-4-pc-bedroom-set-w-trundle,,,,,,,,,Twin,,,Pearl White,,,,,CM7901T-4PC-TR,217915,shopify,20,deny,manual,2877,,TRUE,FALSE,,,,,,CM7901-4.jpg,4,allie-4-pc-bedroom-set-w-trundle,,,,CM7901-1-Z.jpg,lb,,1099,
allie-4-pc-bedroom-set-w-trundle,,,,,,,,,,,,,,,,,,,,,,,,,,,,,,,,CM7901RG-TR-1.jpg,5,allie-4-pc-bedroom-set-w-trundle,,,,,,,,
allie-4-pc-bedroom-set-w-trundle,,,,,,,,,,,,,,,,,,,,,,,,,,,,,,,,CM7901RG-1-Z.jpg,6,allie-4-pc-bedroom-set-w-trundle,,,,,,,,
allie-4-pc-bedroom-set-w-trundle,,,,,,,,,,,,,,,,,,,,,,,,,,,,,,,,CM7901RG-5.jpg,7,allie-4-pc-bedroom-set-w-trundle,,,,,,,,
allie-4-pc-bedroom-set-w-trundle,,,,,,,,,,,,,,,,,,,,,,,,,,,,,,,,CM7901RG-2.jpg,8,allie-4-pc-bedroom-set-w-trundle,,,,,,,,
allie-4-pc-bedroom-set-w-trundle,,,,,,,,,,,,,,,,,,,,,,,,,,,,,,,,CM7901RG-3.jpg,9,allie-4-pc-bedroom-set-w-trundle,,,,,,,,
allie-4-pc-bedroom-set-w-trundle,,,,,,,,,,,,,,,,,,,,,,,,,,,,,,,,CM7901RG-4.jpg,10,allie-4-pc-bedroom-set-w-trundle,,,,,,,,
allie-4-pc-bedroom-set-w-trundle,,,,,,,,,,,,,,,,,,,,,,,,,,,,,,,,CM7901RG-6.jpg,11,allie-4-pc-bedroom-set-w-trundle,,,,,,,,
allie-4-pc-bedroom-set-w-trundle,,,,,,,,,,,,,,,,,,,,,,,,,,,,,,,,CM7901RG-7.jpg,12,allie-4-pc-bedroom-set-w-trundle,,,,,,,,
ariston-4-pc-bedroom-set,ARISTON 4 Pc. Bedroom Set,"<p><span style=""color:#1e73be;""><strong>FREE SHIPPING</strong></span><br>
Elevate your space with ARISTON, styled in Contemporary and designed for everyday comfort.<br>
This youth bedroom set is made to fit naturally into the room. With Leatherette, Mirror, Solid Wood, Wood Veneer, Others and Rose Gold tones, it blends structure and softness in one clean profile.<br>
Product Dimensions: Varies by variant (see Variant Details below).<br>
Size: Full, Queen, Twin</p>

<p>Features<br>
- Leatherette<br>
- Mirror<br>
- Solid Wood<br>
- Wood Veneer<br>
- Others<br>
- Padded Headboard<br>
- Button Tufted<br>
- Crystal-like Acrylic Buttons<br>
- Mirror Trim<br>
- Optional Swivel Chest w/ 5mm Beveled Mirror<br>
- Felt-lined Top Drawers<br>
- Foundation Required<br>
<strong>Variant Details</strong><br>
- <strong>Size: Full | Color: Rose Gold | Dimensions: 82 1/4&quot;L X 58&quot;W X 54&quot;H | Weight: 396.34 lbs | Volume: 55.7 cuft</strong><br>
- <strong>Size: Full | Color: Rose Gold | Dimensions: 82 3/4&quot;L X 59&quot;W X 58&quot;H | Weight: 399.18 lbs | Volume: 57.2 cuft</strong><br>
- <strong>Size: Queen | Color: Rose Gold | Dimensions: 88 1/4 &quot;L X 65&quot;W X 58&quot;H | Weight: 414.08 lbs | Volume: 58 cuft</strong><br>
- <strong>Size: Queen | Color: Rose Gold | Dimensions: 87 3/4&quot;L X 65&quot;W X 58&quot;H | Weight: 415.1 lbs | Volume: 58.9 cuft</strong><br>
- <strong>Size: Twin | Color: Rose Gold | Dimensions: 82 1/4&quot;L X 43&quot;W X 54&quot;H | Weight: 377.92 lbs | Volume: 53.7 cuft</strong><br>
- <strong>Size: Twin | Color: Rose Gold | Dimensions: 82 3/4&quot;L X 43&quot;W X 58&quot;H | Weight: 387.36 lbs | Volume: 54.7 cuft</strong><br>
</p>

<p>Materials: Leatherette, Mirror, Solid Wood, Wood Veneer, Others.<br>
Color: Rose Gold<br>
Weight: 377.92 - 415.1 lbs</p>",GOODDEGG,Furniture > Furniture Sets > Bedroom Furniture Sets,Bedroom Set,"Furniture of America, Quick Ship Furniture, New Arrival, Indoor Furniture, 2026",TRUE,Size,Full,,,,,,,,CM7170RG-F-4PC,179777,shopify,20,deny,manual,2487,,TRUE,FALSE,,,,,,CM7170RG-Z.jpg,1,ariston-4-pc-bedroom-set,FALSE,ARISTON 4 Pc. Bedroom Set,"Shop ARISTON 4 Pc. Bedroom Set. Contemporary style. Leatherette, Mirror build. Multiple sizes available. Free shipping. Buy now at GOODDEGG.",CM7170RG-Z.jpg,lb,,1039,active
ariston-4-pc-bedroom-set,,,,,,,,,Full,,,,,,,,CM7171RG-F-4PC,181065,shopify,20,deny,manual,2487,,TRUE,FALSE,,,,,,CM7170RG-2.jpg,2,ariston-4-pc-bedroom-set,,,,CM7171RG-1.jpg,lb,,1039,
ariston-4-pc-bedroom-set,,,,,,,,,Queen,,,,,,,,CM7170RG-Q-4PC,187824,shopify,20,deny,manual,2547,,TRUE,FALSE,,,,,,CM7170RG-3.jpg,3,ariston-4-pc-bedroom-set,,,,CM7170RG-Z.jpg,lb,,1049,
ariston-4-pc-bedroom-set,,,,,,,,,Queen,,,,,,,,CM7171RG-Q-4PC,188286,shopify,20,deny,manual,2547,,TRUE,FALSE,,,,,,CM7171RG-1.jpg,4,ariston-4-pc-bedroom-set,,,,CM7171RG-1.jpg,lb,,1049,
ariston-4-pc-bedroom-set,,,,,,,,,Twin,,,,,,,,CM7170RG-T-4PC,171422,shopify,20,deny,manual,2427,,TRUE,FALSE,,,,,,CM7170RG-4.jpg,5,ariston-4-pc-bedroom-set,,,,CM7170RG-Z.jpg,lb,,999,
ariston-4-pc-bedroom-set,,,,,,,,,Twin,,,,,,,,CM7171RG-T-4PC,175704,shopify,20,deny,manual,2427,,TRUE,FALSE,,,,,,CM7170RG-1.jpg,6,ariston-4-pc-bedroom-set,,,,CM7171RG-1.jpg,lb,,999,
belva-4-pc-bedroom-set,BELVA 4 Pc. Bedroom Set,"<p><span style=""color:#1e73be;""><strong>FREE SHIPPING</strong></span><br>
Elevate your space with BELVA, styled in Traditional and designed for everyday comfort.<br>
This youth bedroom set is made to fit naturally into the room. With Leatherette, Solid Wood, Others and White tones, it blends structure and softness in one clean profile.<br>
Product Dimensions: Varies by variant (see Variant Details below).<br>
Size: Twin, Full</p>

<p>Features<br>
- Leatherette<br>
- Solid Wood<br>
- Others<br>
- Button Tufted Headboard w/ Nailhead Trim<br>
- Elegant Molding &amp; Trim Accents<br>
- Turned Legs &amp; Acrylic Finials<br>
- Crystal-like Acrylic Buttons<br>
- USB Charger in Night Stand<br>
- Felt-lined Top Drawers<br>
- Foundation Required<br>
<strong>Variant Details</strong><br>
- <strong>Size: Twin | Color: White | Dimensions: 82&quot;L X 43&quot;W X 56&quot;H | Weight: 356.4 lbs | Volume: 52.3 cuft</strong><br>
- <strong>Size: Full | Color: White | Dimensions: 82&quot;L X 58&quot;W X 57 7/8&quot;H | Weight: 374 lbs | Volume: 55.9 cuft</strong><br>
</p>

<p>Materials: Leatherette, Solid Wood, Others.<br>
Color: White<br>
Weight: 356.4 - 374 lbs</p>",GOODDEGG,Furniture > Furniture Sets > Bedroom Furniture Sets,Bedroom Set,"Furniture of America, Quick Ship Furniture, New Arrival, Indoor Furniture, 2026",TRUE,Size,Twin,,,,,,,,CM7174T-4PC,161660,shopify,20,deny,manual,2097,,TRUE,FALSE,,,,,,CM7174-1-Z.jpg,1,belva-4-pc-bedroom-set,FALSE,BELVA 4 Pc. Bedroom Set,"Shop BELVA 4 Pc. Bedroom Set. Traditional style. Leatherette, Solid Wood build. Multiple sizes available. Free shipping. Buy now at GOODDEGG.",CM7174-1-Z.jpg,lb,,859,active
belva-4-pc-bedroom-set,,,,,,,,,Full,,,,,,,,CM7174F-4PC,169644,shopify,20,deny,manual,2277,,TRUE,FALSE,,,,,,CM7174-2.jpg,2,belva-4-pc-bedroom-set,,,,CM7174-1-Z.jpg,lb,,959,
belva-4-pc-bedroom-set,,,,,,,,,,,,,,,,,,,,,,,,,,,,,,,,CM7174-3.jpg,3,belva-4-pc-bedroom-set,,,,,,,,
belva-4-pc-bedroom-set,,,,,,,,,,,,,,,,,,,,,,,,,,,,,,,,CM7174-5.jpg,4,belva-4-pc-bedroom-set,,,,,,,,
belva-4-pc-bedroom-set,,,,,,,,,,,,,,,,,,,,,,,,,,,,,,,,CM7174-6.jpg,5,belva-4-pc-bedroom-set,,,,,,,,
belva-4-pc-bedroom-set,,,,,,,,,,,,,,,,,,,,,,,,,,,,,,,,CM7174-7.jpg,6,belva-4-pc-bedroom-set,,,,,,,,
belva-4-pc-bedroom-set,,,,,,,,,,,,,,,,,,,,,,,,,,,,,,,,CM7174-8.jpg,7,belva-4-pc-bedroom-set,,,,,,,,
cara-4-pc-bedroom-set,CARA 4 Pc. Bedroom Set,"<p><span style=""color:#1e73be;""><strong>FREE SHIPPING</strong></span><br>
CARA 4 Pc. Bedroom Set completes the bedroom with a relaxed, pulled-together look. As a youth bedroom set, it is designed to coordinate with matching pieces. The Cottage character adds definition without feeling heavy. Built from Solid Wood, Wood Veneer, and finished in Cherry tones for a clean, cohesive look.<br>
Product Dimensions: 79""L X 41 3/4""W X 45""H<br>
Size: Twin</p>

<p>Features<br>
- Cottage<br>
- Paneled Headboard<br>
- Optional Drawers or Trundle<br>
- Slat Kit Included Included items and dimensions:<br>
- Nightstand: color: Cherry; dimensions: 19"" W x 16""D x 21"" H; feature: Transitional<br>
- Dresser: color: Cherry; dimensions: 48"" W x 17""D x 34"" H; feature: Transitional</p>

<p>Materials: Solid Wood, Wood Veneer.<br>
Color: Cherry<br>
Weight: 212.4 lbs</p>",GOODDEGG,Furniture > Furniture Sets > Bedroom Furniture Sets,Bedroom Set,"Furniture of America, Quick Ship Furniture, New Arrival, Indoor Furniture, 2026",TRUE,Size,Twin,,,,,,,,CM7903CH-T-4PC,96343,shopify,20,deny,manual,1467,,TRUE,FALSE,,,,,,CM7903CH-Z.jpg,1,cara-4-pc-bedroom-set,FALSE,CARA 4 Pc. Bedroom Set,"Shop CARA 4 Pc. Bedroom Set. Cottage style. Solid Wood, Wood Veneer build. Size: Twin. Free shipping. Buy now at GOODDEGG.",CM7903CH-Z.jpg,lb,,599,active
cara-4-pc-bedroom-set,,,,,,,,,,,,,,,,,,,,,,,,,,,,,,,,CM7903CH-1.jpg,2,cara-4-pc-bedroom-set,,,,,,,,
caren-4-pc-bedroom-set,CAREN 4 Pc. Bedroom Set,"<p><span style=""color:#1e73be;""><strong>FREE SHIPPING</strong></span><br>
CAREN 4 Pc. Bedroom Set brings a restful, finished feel to the bedroom. This youth bedroom set is made to fit naturally into the room. A Transitional profile gives the space a refined, approachable look. Crafted with Solid Wood, Wood Veneer, then finished in White tones to suit a range of interiors.<br>
Product Dimensions: 79""L X 41 3/4""W X 45""H<br>
Size: Twin</p>

<p>Features<br>
- Paneled Headboard<br>
- Optional Drawers or Trundle<br>
- Slat Kit Included Included items and dimensions:<br>
- Nightstand: color: White; dimensions: 19"" W x 16""D x 21"" H; feature: Transitional<br>
- Dresser: color: White; dimensions: 48"" W x 17""D x 34"" H; feature: Transitional</p>

<p>Materials: Solid Wood, Wood Veneer.<br>
Color: White<br>
Weight: 211.2 lbs</p>",GOODDEGG,Furniture > Furniture Sets > Bedroom Furniture Sets,Bedroom Set,"Furniture of America, Quick Ship Furniture, New Arrival, Indoor Furniture, 2026",TRUE,Size,Twin,,,,,,,,CM7902WH-T-4PC,95799,shopify,20,deny,manual,1467,,TRUE,FALSE,,,,,,CM7902WH.jpg,1,caren-4-pc-bedroom-set,FALSE,CAREN 4 Pc. Bedroom Set,"Shop CAREN 4 Pc. Bedroom Set. Transitional style. Solid Wood, Wood Veneer build. Size: Twin. Free shipping. Buy now at GOODDEGG.",CM7902WH.jpg,lb,,569,active
caren-4-pc-bedroom-set,,,,,,,,,,,,,,,,,,,,,,,,,,,,,,,,CM-TR452-WH.jpg,2,caren-4-pc-bedroom-set,,,,,,,,
caren-4-pc-bedroom-set,,,,,,,,,,,,,,,,,,,,,,,,,,,,,,,,CM-DR452-WH.jpg,3,caren-4-pc-bedroom-set,,,,,,,,
caren-4-pc-bedroom-set,,,,,,,,,,,,,,,,,,,,,,,,,,,,,,,,CM7905WH-DK.jpg,4,caren-4-pc-bedroom-set,,,,,,,,
carus-4-pc-bedroom-set,CARUS 4 Pc. Bedroom Set,"<p><span style=""color:#1e73be;""><strong>FREE SHIPPING</strong></span><br>
CARUS 4 Pc. Bedroom Set completes the bedroom with a relaxed, pulled-together look. As a youth bedroom set, it is designed to coordinate with matching pieces. The Transitional character adds definition without feeling heavy. Finished in Cherry tones, the Solid Wood, Wood Veneer, build keeps the look polished and practical.<br>
Product Dimensions: 80""L X 43 1/2""W X 45""H<br>
Size: Twin</p>

<p>Features<br>
- Paneled Headboard<br>
- Optional Drawers or Trundle<br>
- Slat Kit Included Included items and dimensions:<br>
- Nightstand: color: Cherry; dimensions: 19"" W x 16""D x 21"" H; feature: Transitional<br>
- Dresser: color: Cherry; dimensions: 48"" W x 17""D x 34"" H; feature: Transitional</p>

<p>Materials: Solid Wood, Wood Veneer.<br>
Color: Cherry<br>
Weight: 216.7 lbs</p>",GOODDEGG,Furniture > Furniture Sets > Bedroom Furniture Sets,Bedroom Set,"Furniture of America, Quick Ship Furniture, New Arrival, Indoor Furniture, 2026",TRUE,Size,Twin,,,,,,,,CM7904CH-T-4PC,98293,shopify,20,deny,manual,1467,,TRUE,FALSE,,,,,,CM7904CH-Z.jpg,1,carus-4-pc-bedroom-set,FALSE,CARUS 4 Pc. Bedroom Set,"Shop CARUS 4 Pc. Bedroom Set. Transitional style. Solid Wood, Wood Veneer build. Size: Twin. Free shipping. Buy now at GOODDEGG.",CM7904CH-Z.jpg,lb,,599,active
carus-4-pc-bedroom-set,,,,,,,,,,,,,,,,,,,,,,,,,,,,,,,,CM-TR452-CH.jpg,2,carus-4-pc-bedroom-set,,,,,,,,
carus-4-pc-bedroom-set,,,,,,,,,,,,,,,,,,,,,,,,,,,,,,,,CM-DR452-CH.jpg,3,carus-4-pc-bedroom-set,,,,,,,,
carus-4-pc-bedroom-set,,,,,,,,,,,,,,,,,,,,,,,,,,,,,,,,CM7905CH-DK.jpg,4,carus-4-pc-bedroom-set,,,,,,,,
castile-4-pc-bedroom-set,CASTILE 4 Pc. Bedroom Set,"<p><span style=""color:#1e73be;""><strong>FREE SHIPPING</strong></span><br>
Elevate your space with CASTILE, styled in Transitional and designed for everyday comfort.<br>
This youth bedroom set is made to fit naturally into the room. With Solid Wood, Others and White tones, it blends structure and softness in one clean profile.<br>
Product Dimensions: Varies by variant (see Variant Details below).<br>
Size: Twin, Full</p>

<p>Features<br>
- Solid Wood<br>
- Others<br>
- Crown Molding Details<br>
- Cup Pulls and Round Knobs<br>
- Side Rail Drawers<br>
- Felt-lined Top Drawer and Cedarlined Bottom Drawer<br>
- Full-extension Ball Bearing Glides<br>
- USB Port on Night Stand<br>
- Mattress Ready<br>
<strong>Variant Details</strong><br>
- <strong>Size: Twin | Color: White | Dimensions: 81 3/4&quot;L X 45 5/8&quot;W X 54&quot;H | Weight: 513.18 lbs | Volume: 76 cuft</strong><br>
- <strong>Size: Full | Color: White | Dimensions: 81 3/4&quot;L X 60 7/8&quot;W X 54&quot;H | Weight: 546.84 lbs | Volume: 78.5 cuft</strong><br>
</p>

<p>Materials: Solid Wood, Others.<br>
Color: White<br>
Weight: 513.18 - 546.84 lbs</p>",GOODDEGG,Furniture > Furniture Sets > Bedroom Furniture Sets,Bedroom Set,"Furniture of America, Quick Ship Furniture, New Arrival, Indoor Furniture, 2026",TRUE,Size,Twin,,,,,,,,CM7413WH-T-4PC,232775,shopify,20,deny,manual,2847,,TRUE,FALSE,,,,,,CM7413WH-T-1-Z.jpg,1,castile-4-pc-bedroom-set,FALSE,CASTILE 4 Pc. Bedroom Set,"Shop CASTILE 4 Pc. Bedroom Set. Transitional style. Solid Wood, Others build. Multiple sizes available. Free shipping. Buy now at GOODDEGG.",CM7413WH-T-1-Z.jpg,lb,,1199,active
castile-4-pc-bedroom-set,,,,,,,,,Full,,,,,,,,CM7413WH-F-4PC,248042,shopify,20,deny,manual,2967,,TRUE,FALSE,,,,,,CM7413WH-2.jpg,2,castile-4-pc-bedroom-set,,,,CM7413WH-1-Z.jpg,lb,,1199,
castile-4-pc-bedroom-set,,,,,,,,,,,,,,,,,,,,,,,,,,,,,,,,CM7413WH-1-Z.jpg,3,castile-4-pc-bedroom-set,,,,,,,,
castlile-4-pc-bedroom-set,CASTLILE 4 Pc. Bedroom Set,"<p><span style=""color:#1e73be;""><strong>FREE SHIPPING</strong></span><br>
Elevate your space with CASTLILE, styled in Transitional and designed for everyday comfort.<br>
This youth bedroom set is made to fit naturally into the room. With Solid Wood, Others and Gray tones, it blends structure and softness in one clean profile.<br>
Product Dimensions: Varies by variant (see Variant Details below).<br>
Size: Twin, Full</p>

<p>Features<br>
- Solid Wood<br>
- Others<br>
- Crown Molding Detail<br>
- Cup Pulls and Round Knobs<br>
- Underbed Side Drawers<br>
- Felt-lined Drawer and Cedar-Lined Bottom Drawer<br>
- Full-extension Ball Bearing Glides<br>
- USB Port on Night Stand<br>
- Mattress Ready<br>
<strong>Variant Details</strong><br>
- <strong>Size: Twin | Color: Gray | Dimensions: 83&quot;L X 45 5/8&quot;W X 52&quot;H | Weight: 512.6 lbs | Volume: 76.2 cuft</strong><br>
- <strong>Size: Full | Color: Gray | Dimensions: 83&quot;L X 60 7/8&quot;W X 52&quot;H | Weight: 534.6 lbs | Volume: 78 cuft</strong><br>
</p>

<p>Materials: Solid Wood, Others.<br>
Color: Gray<br>
Weight: 512.6 - 534.6 lbs</p>",GOODDEGG,Furniture > Furniture Sets > Bedroom Furniture Sets,Bedroom Set,"Furniture of America, Quick Ship Furniture, New Arrival, Indoor Furniture, 2026",TRUE,Size,Twin,,,,,,,,CM7413GY-T-4PC,232511,shopify,20,deny,manual,2847,,TRUE,FALSE,,,,,,CM7413GY-T-1-Z.jpg,1,castlile-4-pc-bedroom-set,FALSE,CASTLILE 4 Pc. Bedroom Set,"Shop CASTLILE 4 Pc. Bedroom Set. Transitional style. Solid Wood, Others build. Multiple sizes available. Free shipping. Buy now at GOODDEGG.",CM7413GY-T-1-Z.jpg,lb,,1199,active
castlile-4-pc-bedroom-set,,,,,,,,,Full,,,,,,,,CM7413GY-F-4PC,242490,shopify,20,deny,manual,2967,,TRUE,FALSE,,,,,,CM7413GY-2.jpg,2,castlile-4-pc-bedroom-set,,,,CM7413GY-1-Z.jpg,lb,,1199,
castlile-4-pc-bedroom-set,,,,,,,,,,,,,,,,,,,,,,,,,,,,,,,,CM7413GY-5.jpg,3,castlile-4-pc-bedroom-set,,,,,,,,
castlile-4-pc-bedroom-set,,,,,,,,,,,,,,,,,,,,,,,,,,,,,,,,CM7413GY-1-Z.jpg,4,castlile-4-pc-bedroom-set,,,,,,,,
creswell-4-pc-bedroom-set,CRESWELL 4 Pc. Bedroom Set,"<p><span style=""color:#1e73be;""><strong>FREE SHIPPING</strong></span><br>
Elevate your space with CRESWELL, styled in Rustic and designed for everyday comfort.<br>
This youth bedroom set is made to fit naturally into the room. With Solid Wood, Others and Mahogany tones, it blends structure and softness in one clean profile.<br>
Product Dimensions: Varies by variant (see Variant Details below).<br>
Size: Twin, Full</p>

<p>Features<br>
- Solid Wood<br>
- Others<br>
<strong>Variant Details</strong><br>
- <strong>Size: Twin | Color: Mahogany | Dimensions: - | Weight: 185.8 lbs | Volume: 29.4 cuft</strong><br>
- <strong>Size: Full | Color: Mahogany | Dimensions: - | Weight: 205.6 lbs | Volume: 30.5 cuft</strong><br>
</p>

<p>Materials: Solid Wood, Others.<br>
Color: Mahogany<br>
Weight: 185.8 - 205.6 lbs</p>",GOODDEGG,Furniture > Furniture Sets > Bedroom Furniture Sets,Bedroom Set,"Furniture of America, Quick Ship Furniture, New Arrival, Indoor Furniture, 2026",TRUE,Size,Twin,,,,,,,,AM7972MH-T-4PC,84277,shopify,20,deny,manual,2097,,TRUE,FALSE,,,,,,AM7972MH-T-4PC-1.jpg,1,creswell-4-pc-bedroom-set,FALSE,CRESWELL 4 Pc. Bedroom Set,"Shop CRESWELL 4 Pc. Bedroom Set. Rustic style. Solid Wood, Others build. Multiple sizes available. Free shipping. Buy now at GOODDEGG.",AM7972MH-T-4PC-1.jpg,lb,,699,active
creswell-4-pc-bedroom-set,,,,,,,,,Full,,,,,,,,AM7972MH-F-4PC,93259,shopify,20,deny,manual,2187,,TRUE,FALSE,,,,,,AM7972MH-T-1.jpg,2,creswell-4-pc-bedroom-set,,,,AM7972MH-T-4PC-1.jpg,lb,,729,
creswell-4-pc-bedroom-set,,,,,,,,,,,,,,,,,,,,,,,,,,,,,,,,AM7972MH-T-WB-1.jpg,3,creswell-4-pc-bedroom-set,,,,,,,,
creswell-4-pc-bedroom-set,,,,,,,,,,,,,,,,,,,,,,,,,,,,,,,,AM7972MH-T-WB-2.jpg,4,creswell-4-pc-bedroom-set,,,,,,,,
creswell-4-pc-bedroom-set,,,,,,,,,,,,,,,,,,,,,,,,,,,,,,,,AM7972MH-T-WB-3.jpg,5,creswell-4-pc-bedroom-set,,,,,,,,
creswell-4-pc-bedroom-set,,,,,,,,,,,,,,,,,,,,,,,,,,,,,,,,AM7972MH-F-1.jpg,6,creswell-4-pc-bedroom-set,,,,,,,,
creswell-4-pc-bedroom-set,,,,,,,,,,,,,,,,,,,,,,,,,,,,,,,,AM7972MH-F-WB-1.jpg,7,creswell-4-pc-bedroom-set,,,,,,,,
creswell-4-pc-bedroom-set,,,,,,,,,,,,,,,,,,,,,,,,,,,,,,,,AM7972MH-F-WB-2.jpg,8,creswell-4-pc-bedroom-set,,,,,,,,
creswell-4-pc-bedroom-set,,,,,,,,,,,,,,,,,,,,,,,,,,,,,,,,AM7972MH-F-WB-3.jpg,9,creswell-4-pc-bedroom-set,,,,,,,,
dani-4-pc-bedroom-set,DANI 4 Pc. Bedroom Set,"<p><span style=""color:#1e73be;""><strong>FREE SHIPPING</strong></span><br>
Elevate your space with DANI, styled in Transitional and designed for everyday comfort.<br>
This youth bedroom set is made to fit naturally into the room. With Solid Wood, Wood Veneer, Others and White tones, it blends structure and softness in one clean profile.<br>
Product Dimensions: Varies by variant (see Variant Details below).<br>
Size: Full, Twin</p>

<p>Features<br>
- Solid Wood<br>
- Wood Veneer<br>
- Others<br>
- Plank Panel Headboard &amp; Footboard<br>
- Foundation Required<br>
<strong>Variant Details</strong><br>
- <strong>Size: Full | Color: White | Dimensions: 80 1/2&quot;L X 57 1/2&quot;W X 44 1/4&quot;H | Weight: 286 lbs | Volume: 41.5 cuft</strong><br>
- <strong>Size: Twin | Color: White | Dimensions: 80 1/2&quot;L X 42 1/4&quot;W X 44 1/4&quot;H | Weight: 264 lbs | Volume: 39.2 cuft</strong><br>
</p>

<p>Materials: Solid Wood, Wood Veneer, Others.<br>
Color: White<br>
Weight: 264 - 286 lbs</p>",GOODDEGG,Furniture > Furniture Sets > Bedroom Furniture Sets,Bedroom Set,"Furniture of America, Quick Ship Furniture, New Arrival, Indoor Furniture, 2026",TRUE,Size,Full,,,,,,,,CM7159WH-F-4PC,129727,shopify,20,deny,manual,1767,,TRUE,FALSE,,,,,,CM7159WH-Z.jpg,1,dani-4-pc-bedroom-set,FALSE,DANI 4 Pc. Bedroom Set,"Shop DANI 4 Pc. Bedroom Set. Transitional style. Solid Wood, Wood Veneer build. Multiple sizes available. Free shipping. Buy now at GOODDEGG.",CM7159WH-Z.jpg,lb,,689,active
dani-4-pc-bedroom-set,,,,,,,,,Twin,,,,,,,,CM7159WH-T-4PC,119748,shopify,20,deny,manual,1647,,TRUE,FALSE,,,,,,CM7159WH-2-WB.jpg,2,dani-4-pc-bedroom-set,,,,CM7159WH-Z.jpg,lb,,649,
dani-4-pc-bedroom-set,,,,,,,,,,,,,,,,,,,,,,,,,,,,,,,,CM7159WH-1-WB.jpg,3,dani-4-pc-bedroom-set,,,,,,,,
dani-4-pc-bedroom-set,,,,,,,,,,,,,,,,,,,,,,,,,,,,,,,,CM7159WH-F-1.jpg,4,dani-4-pc-bedroom-set,,,,,,,,
dani-4-pc-bedroom-set-w-trundle,DANI 4 Pc. Bedroom Set w/Trundle,"<p><span style=""color:#1e73be;""><strong>FREE SHIPPING</strong></span><br>
Elevate your space with DANI, styled in Transitional and designed for everyday comfort.<br>
This youth bedroom set is made to fit naturally into the room. With Solid Wood, Wood Veneer, Others and White tones, it blends structure and softness in one clean profile.<br>
Product Dimensions: Varies by variant (see Variant Details below).<br>
Size: Full, Twin</p>

<p>Features<br>
- Solid Wood<br>
- Wood Veneer<br>
- Others<br>
- Plank Panel Headboard &amp; Footboard<br>
- Foundation Required<br>
<strong>Variant Details</strong><br>
- <strong>Size: Full | Color: White | Dimensions: 80 1/2&quot;L X 57 1/2&quot;W X 44 1/4&quot;H | Weight: 385 lbs | Volume: 46.8 cuft</strong><br>
- <strong>Size: Twin | Color: White | Dimensions: 80 1/2&quot;L X 42 1/4&quot;W X 44 1/4&quot;H | Weight: 363 lbs | Volume: 44.5 cuft</strong><br>
</p>

<p>Materials: Solid Wood, Wood Veneer, Others.<br>
Color: White<br>
Weight: 363 - 385 lbs</p>",GOODDEGG,Furniture > Furniture Sets > Bedroom Furniture Sets,Bedroom Set,"Furniture of America, Quick Ship Furniture, New Arrival, Indoor Furniture, 2026",TRUE,Size,Full,,,,,,,,CM7159WH-F-4PC-TR,174633,shopify,20,deny,manual,2187,,TRUE,FALSE,,,,,,CM7159WH-Z.jpg,1,dani-4-pc-bedroom-set-w-trundle,FALSE,DANI 4 Pc. Bedroom Set w/Trundle,"Shop DANI 4 Pc. Bedroom Set w/Trundle. Transitional style. Solid Wood, Wood Veneer build. Multiple sizes available. Free shipping. Buy now at GOODDEGG.",CM7159WH-Z.jpg,lb,,859,active
dani-4-pc-bedroom-set-w-trundle,,,,,,,,,Twin,,,,,,,,CM7159WH-T-4PC-TR,164654,shopify,20,deny,manual,2067,,TRUE,FALSE,,,,,,CM7159WH-2-WB.jpg,2,dani-4-pc-bedroom-set-w-trundle,,,,CM7159WH-Z.jpg,lb,,819,
dani-4-pc-bedroom-set-w-trundle,,,,,,,,,,,,,,,,,,,,,,,,,,,,,,,,CM7159WH-1-WB.jpg,3,dani-4-pc-bedroom-set-w-trundle,,,,,,,,
dani-4-pc-bedroom-set-w-trundle,,,,,,,,,,,,,,,,,,,,,,,,,,,,,,,,CM7159WH-F-1.jpg,4,dani-4-pc-bedroom-set-w-trundle,,,,,,,,
diane-4-pc-bedroom-set,DIANE 4 Pc. Bedroom Set,"<p><span style=""color:#1e73be;""><strong>FREE SHIPPING</strong></span><br>
Elevate your space with DIANE, styled in Transitional and designed for everyday comfort.<br>
This youth bedroom set is made to fit naturally into the room. With Solid Wood, Wood Veneer, Others and Blue tones, it blends structure and softness in one clean profile.<br>
Product Dimensions: Varies by variant (see Variant Details below).<br>
Size: Full, Twin</p>

<p>Features<br>
- Solid Wood<br>
- Wood Veneer<br>
- Others<br>
- Plank Panel Headboard &amp; Footboard<br>
- Round Finials<br>
- Optional Armoire &amp; Closet Storage<br>
- Foundation Required<br>
<strong>Variant Details</strong><br>
- <strong>Size: Full | Color: Blue | Dimensions: 80 1/2&quot;L X 57 1/2&quot;W X 44 1/4&quot;H | Weight: 286 lbs | Volume: 41.5 cuft</strong><br>
- <strong>Size: Twin | Color: Blue | Dimensions: 80 1/2&quot;L X 41 3/8&quot;W X 44 1/4&quot;H | Weight: 264 lbs | Volume: 39.2 cuft</strong><br>
</p>

<p>Materials: Solid Wood, Wood Veneer, Others.<br>
Color: Blue<br>
Weight: 264 - 286 lbs</p>",GOODDEGG,Furniture > Furniture Sets > Bedroom Furniture Sets,Bedroom Set,"Furniture of America, Quick Ship Furniture, New Arrival, Indoor Furniture, 2026",TRUE,Size,Full,,,,,,,,CM7158BL-F-4PC,129727,shopify,20,deny,manual,1767,,TRUE,FALSE,,,,,,CM7158BL-Z.jpg,1,diane-4-pc-bedroom-set,FALSE,DIANE 4 Pc. Bedroom Set,"Shop DIANE 4 Pc. Bedroom Set. Transitional style. Solid Wood, Wood Veneer build. Multiple sizes available. Free shipping. Buy now at GOODDEGG.",CM7158BL-Z.jpg,lb,,689,active
diane-4-pc-bedroom-set,,,,,,,,,Twin,,,,,,,,CM7158BL-T-4PC,119748,shopify,20,deny,manual,1647,,TRUE,FALSE,,,,,,CM7158BL-2-WB.jpg,2,diane-4-pc-bedroom-set,,,,CM7158BL-Z.jpg,lb,,649,
diane-4-pc-bedroom-set-w-trundle,DIANE 4 Pc. Bedroom Set w/Trundle,"<p><span style=""color:#1e73be;""><strong>FREE SHIPPING</strong></span><br>
Elevate your space with DIANE, styled in Transitional and designed for everyday comfort.<br>
This youth bedroom set is made to fit naturally into the room. With Solid Wood, Wood Veneer, Others and Blue tones, it blends structure and softness in one clean profile.<br>
Product Dimensions: Varies by variant (see Variant Details below).<br>
Size: Full, Twin</p>

<p>Features<br>
- Solid Wood<br>
- Wood Veneer<br>
- Others<br>
- Plank Panel Headboard &amp; Footboard<br>
- Round Finials<br>
- Optional Armoire &amp; Closet Storage<br>
- Foundation Required<br>
<strong>Variant Details</strong><br>
- <strong>Size: Full | Color: Blue | Dimensions: 80 1/2&quot;L X 57 1/2&quot;W X 44 1/4&quot;H | Weight: 385 lbs | Volume: 46.8 cuft</strong><br>
- <strong>Size: Twin | Color: Blue | Dimensions: 80 1/2&quot;L X 41 3/8&quot;W X 44 1/4&quot;H | Weight: 363 lbs | Volume: 44.5 cuft</strong><br>
</p>

<p>Materials: Solid Wood, Wood Veneer, Others.<br>
Color: Blue<br>
Weight: 363 - 385 lbs</p>",GOODDEGG,Furniture > Furniture Sets > Bedroom Furniture Sets,Bedroom Set,"Furniture of America, Quick Ship Furniture, New Arrival, Indoor Furniture, 2026",TRUE,Size,Full,,,,,,,,CM7158BL-F-4PC-TR,174633,shopify,20,deny,manual,2217,,TRUE,FALSE,,,,,,CM7158BL-Z.jpg,1,diane-4-pc-bedroom-set-w-trundle,FALSE,DIANE 4 Pc. Bedroom Set w/Trundle,"Shop DIANE 4 Pc. Bedroom Set w/Trundle. Transitional style. Solid Wood, Wood Veneer build. Multiple sizes available. Free shipping. Buy now at GOODDEGG.",CM7158BL-Z.jpg,lb,,859,active
diane-4-pc-bedroom-set-w-trundle,,,,,,,,,Twin,,,,,,,,CM7158BL-T-4PC-TR,164654,shopify,20,deny,manual,2097,,TRUE,FALSE,,,,,,CM7158BL-2-WB.jpg,2,diane-4-pc-bedroom-set-w-trundle,,,,CM7158BL-Z.jpg,lb,,819,
griffin-4-pc-bedroom-set,GRIFFIN 4 Pc. Bedroom Set,"<p><span style=""color:#1e73be;""><strong>FREE SHIPPING</strong></span><br>
GRIFFIN 4 Pc. Bedroom Set completes the bedroom with a relaxed, pulled-together look. As a youth bedroom set, it is designed to coordinate with matching pieces. The Transitional character adds definition without feeling heavy. With Solid Rubberwood, Engineered Wood construction and Charcoal Brown tones, it blends durability with visual warmth.<br>
Product Dimensions: 45.5""W X 79.5""D X 48.5""H<br>
Size: Twin</p>

<p>Features<br>
- Slat Design<br>
- Panel Headboard<br>
- Patented Insert &amp; Lock Joint Included items and dimensions:<br>
- Nightstand: color: Charcoal Brown; dimensions: 19.5"" W x 18.5""D x 23.5"" H; feature: Transitional<br>
- Dresser: color: Charcoal Brown; dimensions: 47.2"" L x 18.5"" W x 31.2"" H; feature: Transitional<br>
- Chest: color: Charcoal Brown; dimensions: 31.5"" W x 18.5""D x 23.5"" H; feature: Transitional</p>

<p>Materials: Solid Rubberwood, Engineered Wood.<br>
Color: Charcoal Brown<br>
Weight: 482.92 lbs</p>",GOODDEGG,Furniture > Furniture Sets > Bedroom Furniture Sets,Bedroom Set,"Furniture of America, Quick Ship Furniture, New Arrival, Indoor Furniture, 2026",TRUE,Size,Twin,,,,,,,,FM7108DB-T-4PC,219049,shopify,20,deny,manual,2124,,TRUE,FALSE,,,,,,FM-BK108DB-T-1-Z.jpg,1,griffin-4-pc-bedroom-set,FALSE,GRIFFIN 4 Pc. Bedroom Set,"Shop GRIFFIN 4 Pc. Bedroom Set. Transitional style. Solid Rubberwood, Engineered Wood build. Size: Twin. Free shipping. Buy now at GOODDEGG.",FM-BK108DB-T-1-Z.jpg,lb,,899,active
lareina-4-pc-bedroom-set,LAREINA 4 Pc. Bedroom Set,"<p><span style=""color:#1e73be;""><strong>FREE SHIPPING</strong></span><br>
Elevate your space with LAREINA, styled in Contemporary and designed for everyday comfort.<br>
This youth bedroom set is made to fit naturally into the room. With Fabric, Solid Rubberwood, Engineered Wood, Solid Rubberwood, Engineered Wood and Pearl White tones, it blends structure and softness in one clean profile.<br>
Product Dimensions: Varies by variant (see Variant Details below).<br>
Size: Twin, Full</p>

<p>Features<br>
- Fabric<br>
- Solid Rubberwood<br>
- Engineered Wood<br>
- LED on Headboard &amp; Mirror<br>
- Beveled Mirror<br>
- Hidden Jewelry Drawers in Dresser<br>
- Embossed Panels<br>
- Acrylic Handles &amp; Front Legs w/ Back Metal Legs<br>
- Felt-Lined Top Drawer<br>
- Metal Glide<br>
- English Dovetails<br>
- Mattress Ready<br>
<strong>Variant Details</strong><br>
- <strong>Size: Twin | Color: Pearl White | Dimensions: 42.5&quot;W X 80.5&quot;D X 52&quot;H | Weight: 516.81 lbs | Volume: 42.2 cuft</strong><br>
- <strong>Size: Full | Color: Pearl White | Dimensions: 58&quot;W X 80.5&quot;D X 52&quot;H | Weight: 514.58 lbs | Volume: 46.8 cuft</strong><br>
</p>

<p>Materials: Fabric, Solid Rubberwood, Engineered Wood, Solid Rubberwood, Engineered Wood.<br>
Color: Pearl White<br>
Weight: 514.58 - 516.81 lbs</p>",GOODDEGG,Furniture > Furniture Sets > Bedroom Furniture Sets,Bedroom Set,"Furniture of America, Quick Ship Furniture, New Arrival, Indoor Furniture, 2026",TRUE,Size,Twin,,,,,,,,FM72081WH-T-4PC,234421,shopify,20,deny,manual,3087,,TRUE,FALSE,,,,,,FM72081WH-T-1-Z.jpg,1,lareina-4-pc-bedroom-set,FALSE,LAREINA 4 Pc. Bedroom Set,"Shop LAREINA 4 Pc. Bedroom Set. Contemporary style. Fabric, Solid Rubberwood build. Multiple sizes available. Free shipping. Buy now at GOODDEGG.",FM72081WH-T-1-Z.jpg,lb,,1249,active
lareina-4-pc-bedroom-set,,,,,,,,,Full,,,,,,,,FM72081WH-F-4PC,233410,shopify,20,deny,manual,3147,,TRUE,FALSE,,,,,,FM72081WH-T-2.jpg,2,lareina-4-pc-bedroom-set,,,,FM72081WH-T-1-Z.jpg,lb,,1299,
lareina-4-pc-bedroom-set,,,,,,,,,,,,,,,,,,,,,,,,,,,,,,,,FM72081WH-T-7.jpg,3,lareina-4-pc-bedroom-set,,,,,,,,
lareina-4-pc-bedroom-set,,,,,,,,,,,,,,,,,,,,,,,,,,,,,,,,FM72081WH-T-4.jpg,4,lareina-4-pc-bedroom-set,,,,,,,,
lareina-4-pc-bedroom-set,,,,,,,,,,,,,,,,,,,,,,,,,,,,,,,,FM72081WH-N-1.jpg,5,lareina-4-pc-bedroom-set,,,,,,,,
lareina-4-pc-bedroom-set,,,,,,,,,,,,,,,,,,,,,,,,,,,,,,,,FM72081WH-N-2.jpg,6,lareina-4-pc-bedroom-set,,,,,,,,
lareina-4-pc-bedroom-set,,,,,,,,,,,,,,,,,,,,,,,,,,,,,,,,FM72081WH-N-3.jpg,7,lareina-4-pc-bedroom-set,,,,,,,,
lareina-4-pc-bedroom-set,,,,,,,,,,,,,,,,,,,,,,,,,,,,,,,,FM72081WH-D-2.jpg,8,lareina-4-pc-bedroom-set,,,,,,,,
lareina-4-pc-bedroom-set,,,,,,,,,,,,,,,,,,,,,,,,,,,,,,,,FM72081WH-T-5.jpg,9,lareina-4-pc-bedroom-set,,,,,,,,
lareina-5-pc-bedroom-set-w-2ns,LAREINA 5 Pc. Bedroom Set w/ 2NS,"<p><span style=""color:#1e73be;""><strong>FREE SHIPPING</strong></span><br>
LAREINA 5 Pc. Bedroom Set w/ 2NS brings a restful, finished feel to the bedroom. This youth bedroom set is made to fit naturally into the room. A Contemporary profile gives the space a refined, approachable look. Crafted with Fabric, Solid Rubberwood, Engineered Wood, then finished in Pearl White tones to suit a range of interiors.<br>
Product Dimensions: 42.5""W X 80.5""D X 52""H<br>
Size: Twin</p>

<p>Features<br>
- Hidden Jewelry Drawers in Dresser<br>
- Embossed Panels<br>
- Acrylic Handles &amp; Front Legs w/ Back Metal Legs<br>
- Felt-Lined Top Drawer<br>
- Metal Glide<br>
- English Dovetails<br>
- Mattress Ready Included items and dimensions:<br>
- Nightstand: color: Pearl White; dimensions: 22.5"" W x 17""D x 24"" H; feature: Contemporary<br>
- Dresser: color: Pearl White; dimensions: 54.5"" W x 17""D x 34"" H; feature: Contemporary</p>

<p>Materials: Fabric, Solid Rubberwood, Engineered Wood.<br>
Color: Pearl White<br>
Weight: 576.78 lbs</p>",GOODDEGG,Furniture > Furniture Sets > Bedroom Furniture Sets,Bedroom Set,"Furniture of America, Quick Ship Furniture, New Arrival, Indoor Furniture, 2026",TRUE,Size,Twin,,,,,,,,FM72081WH-T-5PC-2NS,261623,shopify,20,deny,manual,3597,,TRUE,FALSE,,,,,,FM72081WH-T-1-Z.jpg,1,lareina-5-pc-bedroom-set-w-2ns,FALSE,LAREINA 5 Pc. Bedroom Set w/ 2NS,"Shop LAREINA 5 Pc. Bedroom Set w/ 2NS. Contemporary style. Fabric, Solid Rubberwood build. Size: Twin. Free shipping. Buy now at GOODDEGG.",FM72081WH-T-1-Z.jpg,lb,,1459,active
lareina-5-pc-bedroom-set-w-2ns,,,,,,,,,,,,,,,,,,,,,,,,,,,,,,,,FM72081WH-T-2.jpg,2,lareina-5-pc-bedroom-set-w-2ns,,,,,,,,
lareina-5-pc-bedroom-set-w-2ns,,,,,,,,,,,,,,,,,,,,,,,,,,,,,,,,FM72081WH-T-7.jpg,3,lareina-5-pc-bedroom-set-w-2ns,,,,,,,,
lareina-5-pc-bedroom-set-w-2ns,,,,,,,,,,,,,,,,,,,,,,,,,,,,,,,,FM72081WH-T-4.jpg,4,lareina-5-pc-bedroom-set-w-2ns,,,,,,,,
lareina-5-pc-bedroom-set-w-2ns,,,,,,,,,,,,,,,,,,,,,,,,,,,,,,,,FM72081WH-N-1.jpg,5,lareina-5-pc-bedroom-set-w-2ns,,,,,,,,
lareina-5-pc-bedroom-set-w-2ns,,,,,,,,,,,,,,,,,,,,,,,,,,,,,,,,FM72081WH-N-2.jpg,6,lareina-5-pc-bedroom-set-w-2ns,,,,,,,,
lareina-5-pc-bedroom-set-w-2ns,,,,,,,,,,,,,,,,,,,,,,,,,,,,,,,,FM72081WH-N-3.jpg,7,lareina-5-pc-bedroom-set-w-2ns,,,,,,,,
lareina-5-pc-bedroom-set-w-2ns,,,,,,,,,,,,,,,,,,,,,,,,,,,,,,,,FM72081WH-D-2.jpg,8,lareina-5-pc-bedroom-set-w-2ns,,,,,,,,
lareina-5-pc-bedroom-set-w-chest,LAREINA 5 Pc. Bedroom Set w/ Chest,"<p><span style=""color:#1e73be;""><strong>FREE SHIPPING</strong></span><br>
Create a calm, coordinated retreat with LAREINA 5 Pc. Bedroom Set w/ Chest. Designed as a youth bedroom set, it pairs easily with surrounding decor. Its Contemporary styling keeps the room feeling polished yet comfortable. With Fabric, Solid Rubberwood, Engineered Wood construction and Pearl White tones, it blends durability with visual warmth.<br>
Product Dimensions: 42.5""W X 80.5""D X 52""H<br>
Size: Twin</p>

<p>Features<br>
- Hidden Jewelry Drawers in Dresser<br>
- Embossed Panels<br>
- Acrylic Handles &amp; Front Legs w/ Back Metal Legs<br>
- Felt-Lined Top Drawer<br>
- Metal Glide<br>
- English Dovetails<br>
- Mattress Ready Included items and dimensions:<br>
- Nightstand: color: Pearl White; dimensions: 22.5"" W x 17""D x 24"" H; feature: Contemporary<br>
- Dresser: color: Pearl White; dimensions: 54.5"" W x 17""D x 34"" H; feature: Contemporary<br>
- Chest: color: Pearl White; dimensions: 30.5"" W x 17""D x 43.5"" H; feature: Contemporary</p>

<p>Materials: Fabric, Solid Rubberwood, Engineered Wood.<br>
Color: Pearl White<br>
Weight: 701.38 lbs</p>",GOODDEGG,Furniture > Furniture Sets > Bedroom Furniture Sets,Bedroom Set,"Furniture of America, Quick Ship Furniture, New Arrival, Indoor Furniture, 2026",TRUE,Size,Twin,,,,,,,,FM72081WH-T-5PC-C,318141,shopify,20,deny,manual,4044,,TRUE,FALSE,,,,,,FM72081WH-T-1-Z.jpg,1,lareina-5-pc-bedroom-set-w-chest,FALSE,LAREINA 5 Pc. Bedroom Set w/ Chest,"Shop LAREINA 5 Pc. Bedroom Set w/ Chest. Contemporary style. Fabric, Solid Rubberwood build. Size: Twin. Free shipping. Buy now at GOODDEGG.",FM72081WH-T-1-Z.jpg,lb,,1648,active
lareina-5-pc-bedroom-set-w-chest,,,,,,,,,,,,,,,,,,,,,,,,,,,,,,,,FM72081WH-T-2.jpg,2,lareina-5-pc-bedroom-set-w-chest,,,,,,,,
lareina-5-pc-bedroom-set-w-chest,,,,,,,,,,,,,,,,,,,,,,,,,,,,,,,,FM72081WH-T-7.jpg,3,lareina-5-pc-bedroom-set-w-chest,,,,,,,,
lareina-5-pc-bedroom-set-w-chest,,,,,,,,,,,,,,,,,,,,,,,,,,,,,,,,FM72081WH-T-4.jpg,4,lareina-5-pc-bedroom-set-w-chest,,,,,,,,
lareina-5-pc-bedroom-set-w-chest,,,,,,,,,,,,,,,,,,,,,,,,,,,,,,,,FM72081WH-N-1.jpg,5,lareina-5-pc-bedroom-set-w-chest,,,,,,,,
lareina-5-pc-bedroom-set-w-chest,,,,,,,,,,,,,,,,,,,,,,,,,,,,,,,,FM72081WH-N-2.jpg,6,lareina-5-pc-bedroom-set-w-chest,,,,,,,,
lareina-5-pc-bedroom-set-w-chest,,,,,,,,,,,,,,,,,,,,,,,,,,,,,,,,FM72081WH-N-3.jpg,7,lareina-5-pc-bedroom-set-w-chest,,,,,,,,
lareina-5-pc-bedroom-set-w-chest,,,,,,,,,,,,,,,,,,,,,,,,,,,,,,,,FM72081WH-D-2.jpg,8,lareina-5-pc-bedroom-set-w-chest,,,,,,,,
lareina-5-pc-bedroom-set-w-chest,,,,,,,,,,,,,,,,,,,,,,,,,,,,,,,,FM72081WH-C-1.jpg,9,lareina-5-pc-bedroom-set-w-chest,,,,,,,,
lennart-4-pc-bedroom-set,LENNART 4 Pc. Bedroom Set,"<p><span style=""color:#1e73be;""><strong>FREE SHIPPING</strong></span><br>
Elevate your space with LENNART, styled in Mid-Century Modern and designed for everyday comfort.<br>
This youth bedroom set is made to fit naturally into the room. With Solid Wood, Wood Veneer, Others and Oak or Black or Gray or White tones, it blends structure and softness in one clean profile.<br>
Product Dimensions: Varies by variant (see Variant Details below).<br>
Size: Full, Twin</p>

<p>Features<br>
- Solid Wood<br>
- Wood Veneer<br>
- Others<br>
- Round Tapered Legs<br>
- Recessed Drawer Handles<br>
- Optional Stand-alone Oval Mirror<br>
- Slat Kit Included<br>
<strong>Variant Details</strong><br>
- <strong>Size: Full | Color: Oak | Dimensions: 81 1/2&quot;L X 58 1/2&quot;W X 48&quot;H | Weight: 397.7 lbs | Volume: 42.1 cuft</strong><br>
- <strong>Size: Full | Color: Black | Dimensions: 81 1/2&quot;L X 58 1/2&quot;W X 48&quot;H | Weight: 385.71 lbs | Volume: 41.4 cuft</strong><br>
- <strong>Size: Full | Color: Gray | Dimensions: 81 1/2&quot;L X 58 1/2&quot;W X 48&quot;H | Weight: 344.8 lbs | Volume: 41.5 cuft</strong><br>
- <strong>Size: Full | Color: White | Dimensions: 81 1/2&quot;L X 58 1/2&quot;W X 48&quot;H | Weight: 388.9 lbs | Volume: 42 cuft</strong><br>
- <strong>Size: Twin | Color: Oak | Dimensions: 81 1/2&quot;L X 43 1/2&quot;W X 48&quot;H | Weight: 373.4 lbs | Volume: 40.8 cuft</strong><br>
- <strong>Size: Twin | Color: Black | Dimensions: 81 1/2&quot;L X 43 1/2&quot;W X 48&quot;H | Weight: 367.71 lbs | Volume: 40.2 cuft</strong><br>
- <strong>Size: Twin | Color: Gray | Dimensions: 81 1/2&quot;L X 43 1/2&quot;W X 48&quot;H | Weight: 321.4 lbs | Volume: 39.7 cuft</strong><br>
- <strong>Size: Twin | Color: White | Dimensions: 81 1/2&quot;L X 43 1/2&quot;W X 48&quot;H | Weight: 363.6 lbs | Volume: 40.9 cuft</strong><br>
</p>

<p>Materials: Solid Wood, Wood Veneer, Others.<br>
Color: Oak or Black or Gray or White<br>
Weight: 321.4 - 397.7 lbs</p>",GOODDEGG,Furniture > Furniture Sets > Bedroom Furniture Sets,Bedroom Set,"Furniture of America, Quick Ship Furniture, New Arrival, Indoor Furniture, 2026",TRUE,Size,Full,,Color,Oak,,,,,CM7386A-F-4PC,180394,shopify,20,deny,manual,1917,,TRUE,FALSE,,,,,,CM7386A-M-Z.jpg,1,lennart-4-pc-bedroom-set,FALSE,LENNART 4 Pc. Bedroom Set,Shop LENNART 4 Pc. Bedroom Set. Multiple sizes and colors available. Free shipping from GOODDEGG. Buy now.,CM7386A-M-Z.jpg,lb,,799,active
lennart-4-pc-bedroom-set,,,,,,,,,Full,,,Black,,,,,CM7386BK-F-4PC,174955,shopify,20,deny,manual,1917,,TRUE,FALSE,,,,,,CM7386BK.jpg,2,lennart-4-pc-bedroom-set,,,,CM7386BK.jpg,lb,,799,
lennart-4-pc-bedroom-set,,,,,,,,,Full,,,Gray,,,,,CM7386GY-F-4PC,156399,shopify,20,deny,manual,1917,,TRUE,FALSE,,,,,,CM7386BK-1.jpg,3,lennart-4-pc-bedroom-set,,,,CM7386GY-M-Z.jpg,lb,,799,
lennart-4-pc-bedroom-set,,,,,,,,,Full,,,White,,,,,CM7386WH-F-4PC,176402,shopify,20,deny,manual,1917,,TRUE,FALSE,,,,,,CM7386BK-T-Z.jpg,4,lennart-4-pc-bedroom-set,,,,CM7386WH-2.jpg,lb,,799,
lennart-4-pc-bedroom-set,,,,,,,,,Twin,,,Oak,,,,,CM7386A-T-4PC,169371,shopify,20,deny,manual,1887,,TRUE,FALSE,,,,,,CM7386BK-T-WB.jpg,5,lennart-4-pc-bedroom-set,,,,CM7386A-M-Z.jpg,lb,,779,
lennart-4-pc-bedroom-set,,,,,,,,,Twin,,,Black,,,,,CM7386BK-T-4PC,166790,shopify,20,deny,manual,1887,,TRUE,FALSE,,,,,,CM7386BK-Z.jpg,6,lennart-4-pc-bedroom-set,,,,CM7386BK.jpg,lb,,779,
lennart-4-pc-bedroom-set,,,,,,,,,Twin,,,Gray,,,,,CM7386GY-T-4PC,145785,shopify,20,deny,manual,1887,,TRUE,FALSE,,,,,,CM7386GY-M-Z.jpg,7,lennart-4-pc-bedroom-set,,,,CM7386GY-M-Z.jpg,lb,,779,
lennart-4-pc-bedroom-set,,,,,,,,,Twin,,,White,,,,,CM7386WH-T-4PC,164926,shopify,20,deny,manual,1887,,TRUE,FALSE,,,,,,CM7386GY-WB.jpg,8,lennart-4-pc-bedroom-set,,,,CM7386WH-2.jpg,lb,,779,
lennart-4-pc-bedroom-set,,,,,,,,,,,,,,,,,,,,,,,,,,,,,,,,CM7386GY-T-WB.jpg,9,lennart-4-pc-bedroom-set,,,,,,,,
lennart-4-pc-bedroom-set,,,,,,,,,,,,,,,,,,,,,,,,,,,,,,,,CM7386GY-MO-Z.jpg,10,lennart-4-pc-bedroom-set,,,,,,,,
lennart-4-pc-bedroom-set,,,,,,,,,,,,,,,,,,,,,,,,,,,,,,,,CM7386GY-MO-1.jpg,11,lennart-4-pc-bedroom-set,,,,,,,,
lennart-4-pc-bedroom-set,,,,,,,,,,,,,,,,,,,,,,,,,,,,,,,,CM7386WH-2.jpg,12,lennart-4-pc-bedroom-set,,,,,,,,
lennart-4-pc-bedroom-set,,,,,,,,,,,,,,,,,,,,,,,,,,,,,,,,CM7386WH-1.jpg,13,lennart-4-pc-bedroom-set,,,,,,,,
lennart-4-pc-bedroom-set,,,,,,,,,,,,,,,,,,,,,,,,,,,,,,,,CM7386WH-T-WB.jpg,14,lennart-4-pc-bedroom-set,,,,,,,,
lennart-4-pc-bedroom-set,,,,,,,,,,,,,,,,,,,,,,,,,,,,,,,,CM7386WH-T-Z.jpg,15,lennart-4-pc-bedroom-set,,,,,,,,
lennart-4-pc-bedroom-set,,,,,,,,,,,,,,,,,,,,,,,,,,,,,,,,CM7386A-M.jpg,16,lennart-4-pc-bedroom-set,,,,,,,,
lycorida-4-pc-bedroom-set,LYCORIDA 4 Pc. Bedroom Set,"<p><span style=""color:#1e73be;""><strong>FREE SHIPPING</strong></span><br>
Elevate your space with LYCORIDA, styled in Transitional and designed for everyday comfort.<br>
This youth bedroom set is made to fit naturally into the room. With Solid Wood, Others and Light Gray tones, it blends structure and softness in one clean profile.<br>
Product Dimensions: Varies by variant (see Variant Details below).<br>
Size: Twin, Full</p>

<p>Features<br>
- Solid Wood<br>
- Others<br>
- Molding Details<br>
- Dovetail Drawers<br>
- Ball-bearing Glides<br>
- Felt-lined Top Drawer<br>
- Chrome Hanging Pulls<br>
- Trundle Converts to Drawers<br>
- Mattress Ready<br>
<strong>Variant Details</strong><br>
- <strong>Size: Twin | Color: Light Gray | Dimensions: BED: 80 1/4&quot;L X 42&quot;W X 54&quot;H | Weight: 338.8 lbs | Volume: 38.3 cuft</strong><br>
- <strong>Size: Full | Color: Light Gray | Dimensions: BED: 80 1/4&quot;L X 56 3/4&quot;W X 54&quot;H | Weight: 365.2 lbs | Volume: 40.6 cuft</strong><br>
</p>

<p>Materials: Solid Wood, Others.<br>
Color: Light Gray<br>
Weight: 338.8 - 365.2 lbs</p>",GOODDEGG,Furniture > Furniture Sets > Bedroom Furniture Sets,Bedroom Set,"Furniture of America, Quick Ship Furniture, New Arrival, Indoor Furniture, 2026",TRUE,Size,Twin,,,,,,,,CM7477GY-T-4PC,153677,shopify,20,deny,manual,1647,,TRUE,FALSE,,,,,,CM7477GY-1.jpg,1,lycorida-4-pc-bedroom-set,FALSE,LYCORIDA 4 Pc. Bedroom Set,"Shop LYCORIDA 4 Pc. Bedroom Set. Transitional style. Solid Wood, Others build. Multiple sizes available. Free shipping. Buy now at GOODDEGG.",CM7477GY-1.jpg,lb,,699,active
lycorida-4-pc-bedroom-set,,,,,,,,,Full,,,,,,,,CM7477GY-F-4PC,165652,shopify,20,deny,manual,1737,,TRUE,FALSE,,,,,,CM7477GY-2.jpg,2,lycorida-4-pc-bedroom-set,,,,CM7477GY-1.jpg,lb,,739,
lycorida-4-pc-bedroom-set,,,,,,,,,,,,,,,,,,,,,,,,,,,,,,,,CM7477GY-3.jpg,3,lycorida-4-pc-bedroom-set,,,,,,,,
lycorida-4-pc-bedroom-set,,,,,,,,,,,,,,,,,,,,,,,,,,,,,,,,CM7477GY-4.jpg,4,lycorida-4-pc-bedroom-set,,,,,,,,
lycoris-4-pc-bedroom-set,LYCORIS 4 Pc. Bedroom Set,"<p><span style=""color:#1e73be;""><strong>FREE SHIPPING</strong></span><br>
Elevate your space with LYCORIS, styled in Transitional and designed for everyday comfort.<br>
This youth bedroom set is made to fit naturally into the room. With Solid Wood, Engineered Wood and White tones, it blends structure and softness in one clean profile.<br>
Product Dimensions: Varies by variant (see Variant Details below).<br>
Size: Twin, Full</p>

<p>Features<br>
- Solid Wood<br>
- Engineered Wood<br>
- Poster Design w/ Finials<br>
- Molding Details<br>
- Trundle Converts into Drawers<br>
- Mattress Ready<br>
<strong>Variant Details</strong><br>
- <strong>Size: Twin | Color: White | Dimensions: 81.5&quot;W X 43&quot;D X 47&quot;H | Weight: 331 lbs | Volume: 38.8 cuft</strong><br>
- <strong>Size: Full | Color: White | Dimensions: 56.5&quot;W X 80&quot;D X 54&quot;H | Weight: 357.4 lbs | Volume: 41.2 cuft</strong><br>
</p>

<p>Materials: Solid Wood, Engineered Wood.<br>
Color: White<br>
Weight: 331 - 357.4 lbs</p>",GOODDEGG,Furniture > Furniture Sets > Bedroom Furniture Sets,Bedroom Set,"Furniture of America, Quick Ship Furniture, New Arrival, Indoor Furniture, 2026",TRUE,Size,Twin,,,,,,,,CM7477WH-T-4PC,150139,shopify,20,deny,manual,1647,,TRUE,FALSE,,,,,,CM7477WH-1-Z.jpg,1,lycoris-4-pc-bedroom-set,FALSE,LYCORIS 4 Pc. Bedroom Set,"Shop LYCORIS 4 Pc. Bedroom Set. Transitional style. Solid Wood, Engineered Wood build. Multiple sizes available. Free shipping. Buy now at GOODDEGG.",CM7477WH-1-Z.jpg,lb,,699,active
lycoris-4-pc-bedroom-set,,,,,,,,,Full,,,,,,,,CM7477WH-F-4PC,162114,shopify,20,deny,manual,1737,,TRUE,FALSE,,,,,,CM7477WH-2.jpg,2,lycoris-4-pc-bedroom-set,,,,CM7477WH-1-Z.jpg,lb,,739,
lycoris-4-pc-bedroom-set,,,,,,,,,,,,,,,,,,,,,,,,,,,,,,,,CM7477WH-3.jpg,3,lycoris-4-pc-bedroom-set,,,,,,,,
lycoris-4-pc-bedroom-set,,,,,,,,,,,,,,,,,,,,,,,,,,,,,,,,CM7477WH-4.jpg,4,lycoris-4-pc-bedroom-set,,,,,,,,
marilla-4-pc-bedroom-set,MARILLA 4 Pc. Bedroom Set,"<p><span style=""color:#1e73be;""><strong>FREE SHIPPING</strong></span><br>
Elevate your space with MARILLA, styled in Transitional and designed for everyday comfort.<br>
This youth bedroom set is made to fit naturally into the room. With Solid Wood, Others and White tones, it blends structure and softness in one clean profile.<br>
Product Dimensions: Varies by variant (see Variant Details below).<br>
Size: Full, Twin</p>

<p>Features<br>
- Solid Wood<br>
- Others<br>
- Bookcase Headboard<br>
- Painted Hardware<br>
- Optional Underbed Drawers w/ Sliding Doors<br>
- Optional Underbed Trundle<br>
- Optional Underbed Trundle and Drawers Combo<br>
- Mattress Ready<br>
<strong>Variant Details</strong><br>
- <strong>Size: Full | Color: White | Dimensions: 86&quot;L X 57 3/4&quot;W X 46 5/8&quot;H | Weight: 267.3 lbs | Volume: 48.4 cuft</strong><br>
- <strong>Size: Twin | Color: White | Dimensions: 86&quot;L X 42 7/8&quot;W X 46 5/8&quot;H | Weight: 247.5 lbs | Volume: 45.2 cuft</strong><br>
</p>

<p>Materials: Solid Wood, Others.<br>
Color: White<br>
Weight: 247.5 - 267.3 lbs</p>",GOODDEGG,Furniture > Furniture Sets > Bedroom Furniture Sets,Bedroom Set,"Furniture of America, Quick Ship Furniture, New Arrival, Indoor Furniture, 2026",TRUE,Size,Full,,,,,,,,FOA7256WH-F-4PC,121245,shopify,20,deny,manual,2067,,TRUE,FALSE,,,,,,FOA7256WH-1-Z.jpg,1,marilla-4-pc-bedroom-set,FALSE,MARILLA 4 Pc. Bedroom Set,"Shop MARILLA 4 Pc. Bedroom Set. Transitional style. Solid Wood, Others build. Multiple sizes available. Free shipping. Buy now at GOODDEGG.",FOA7256WH-1-Z.jpg,lb,,799,active
marilla-4-pc-bedroom-set,,,,,,,,,Twin,,,,,,,,FOA7256WH-T-4PC,112264,shopify,20,deny,manual,1857,,TRUE,FALSE,,,,,,FOA7256WH-2.jpg,2,marilla-4-pc-bedroom-set,,,,FOA7256WH-1-Z.jpg,lb,,719,
marilla-4-pc-bedroom-set,,,,,,,,,,,,,,,,,,,,,,,,,,,,,,,,FOA7256WH-3.jpg,3,marilla-4-pc-bedroom-set,,,,,,,,
marilla-4-pc-bedroom-set,,,,,,,,,,,,,,,,,,,,,,,,,,,,,,,,FOA7256WH-4.jpg,4,marilla-4-pc-bedroom-set,,,,,,,,
marilla-4-pc-bedroom-set-w-storage,MARILLA 4 Pc. Bedroom Set w/Storage,"<p><span style=""color:#1e73be;""><strong>FREE SHIPPING</strong></span><br>
Elevate your space with MARILLA, styled in Transitional and designed for everyday comfort.<br>
This youth bedroom set is made to fit naturally into the room. With Solid Wood, Others and White tones, it blends structure and softness in one clean profile.<br>
Product Dimensions: Varies by variant (see Variant Details below).<br>
Size: Full, Twin</p>

<p>Features<br>
- Solid Wood<br>
- Others<br>
- Bookcase Headboard<br>
- Painted Hardware<br>
- Optional Underbed Drawers w/ Sliding Doors<br>
- Optional Underbed Trundle<br>
- Optional Underbed Trundle and Drawers Combo<br>
- Mattress Ready<br>
<strong>Variant Details</strong><br>
- <strong>Size: Full | Color: White | Dimensions: 86&quot;L X 57 3/4&quot;W X 46 5/8&quot;H | Weight: 320.1 lbs | Volume: 59 cuft</strong><br>
- <strong>Size: Twin | Color: White | Dimensions: 86&quot;L X 42 7/8&quot;W X 46 5/8&quot;H | Weight: 300.3 lbs | Volume: 55.8 cuft</strong><br>
</p>

<p>Materials: Solid Wood, Others.<br>
Color: White<br>
Weight: 300.3 - 320.1 lbs</p>",GOODDEGG,Furniture > Furniture Sets > Bedroom Furniture Sets,Bedroom Set,"Furniture of America, Quick Ship Furniture, New Arrival, Indoor Furniture, 2026",TRUE,Size,Full,,,,,,,,FOA7256WH-F-4PC-SR,145195,shopify,20,deny,manual,2517,,TRUE,FALSE,,,,,,FOA7256WH-1-Z.jpg,1,marilla-4-pc-bedroom-set-w-storage,FALSE,MARILLA 4 Pc. Bedroom Set w/Storage,"Shop MARILLA 4 Pc. Bedroom Set w/Storage. Transitional style. Solid Wood, Others build. Multiple sizes available. Free shipping. Buy now at GOODDEGG.",FOA7256WH-1-Z.jpg,lb,,959,active
marilla-4-pc-bedroom-set-w-storage,,,,,,,,,Twin,,,,,,,,FOA7256WH-T-4PC-SR,136214,shopify,20,deny,manual,2307,,TRUE,FALSE,,,,,,FOA7256WH-2.jpg,2,marilla-4-pc-bedroom-set-w-storage,,,,FOA7256WH-1-Z.jpg,lb,,879,
marilla-4-pc-bedroom-set-w-storage,,,,,,,,,,,,,,,,,,,,,,,,,,,,,,,,FOA7256WH-3.jpg,3,marilla-4-pc-bedroom-set-w-storage,,,,,,,,
marilla-4-pc-bedroom-set-w-storage,,,,,,,,,,,,,,,,,,,,,,,,,,,,,,,,FOA7256WH-4.jpg,4,marilla-4-pc-bedroom-set-w-storage,,,,,,,,
marlee-4-pc-bedroom-set,MARLEE 4 Pc. Bedroom Set,"<p><span style=""color:#1e73be;""><strong>FREE SHIPPING</strong></span><br>
Elevate your space with MARLEE, styled in Transitional and designed for everyday comfort.<br>
This youth bedroom set is made to fit naturally into the room. With Solid Wood, Wood Veneer, Others and White tones, it blends structure and softness in one clean profile.<br>
Product Dimensions: Varies by variant (see Variant Details below).<br>
Size: Twin, Full</p>

<p>Features<br>
- Solid Wood<br>
- Wood Veneer<br>
- Others<br>
- Bookcase Headboard<br>
- Storage on Both Sides of Headboard<br>
- Optional Trundle<br>
- English Dovetail Drawer Construction<br>
- Round Drawer Pulls<br>
- Foundation Required<br>
<strong>Variant Details</strong><br>
- <strong>Size: Twin | Color: White | Dimensions: 85 1/4&quot;W X 44&quot;D X 50&quot;H | Weight: 321.2 lbs | Volume: 42.4 cuft</strong><br>
- <strong>Size: Full | Color: White | Dimensions: 85 1/4&quot;W X 59&quot;D X 50&quot;H | Weight: 341 lbs | Volume: 44.3 cuft</strong><br>
</p>

<p>Materials: Solid Wood, Wood Veneer, Others.<br>
Color: White<br>
Weight: 321.2 - 341 lbs</p>",GOODDEGG,Furniture > Furniture Sets > Bedroom Furniture Sets,Bedroom Set,"Furniture of America, Quick Ship Furniture, New Arrival, Indoor Furniture, 2026",TRUE,Size,Twin,,,,,,,,CM7651WH-T-4PC,145694,shopify,20,deny,manual,1317,,TRUE,FALSE,,,,,,CM7651WH-T-1.jpg,1,marlee-4-pc-bedroom-set,FALSE,MARLEE 4 Pc. Bedroom Set,"Shop MARLEE 4 Pc. Bedroom Set. Transitional style. Solid Wood, Wood Veneer build. Multiple sizes available. Free shipping. Buy now at GOODDEGG.",CM7651WH-T-1.jpg,lb,,549,active
marlee-4-pc-bedroom-set,,,,,,,,,Full,,,,,,,,CM7651WH-F-4PC,154675,shopify,20,deny,manual,1437,,TRUE,FALSE,,,,,,CM7651WH-T-2.jpg,2,marlee-4-pc-bedroom-set,,,,CM7651WH-T-1.jpg,lb,,599,
marlee-4-pc-bedroom-set,,,,,,,,,,,,,,,,,,,,,,,,,,,,,,,,CM7651WH-3.jpg,3,marlee-4-pc-bedroom-set,,,,,,,,
marlee-4-pc-bedroom-set,,,,,,,,,,,,,,,,,,,,,,,,,,,,,,,,CM7651WH-4.jpg,4,marlee-4-pc-bedroom-set,,,,,,,,
marlee-4-pc-bedroom-set,,,,,,,,,,,,,,,,,,,,,,,,,,,,,,,,CM7651WH-5.jpg,5,marlee-4-pc-bedroom-set,,,,,,,,
marlee-4-pc-bedroom-set,,,,,,,,,,,,,,,,,,,,,,,,,,,,,,,,CM7651WH-6.jpg,6,marlee-4-pc-bedroom-set,,,,,,,,
marlee-4-pc-bedroom-set,,,,,,,,,,,,,,,,,,,,,,,,,,,,,,,,CM7651WH-T-1-Z.jpg,7,marlee-4-pc-bedroom-set,,,,,,,,
olivia-4-pc-bedroom-set,OLIVIA 4 Pc. Bedroom Set,"<p><span style=""color:#1e73be;""><strong>FREE SHIPPING</strong></span><br>
Elevate your space with OLIVIA, styled in Traditional and designed for everyday comfort.<br>
This youth bedroom set is made to fit naturally into the room. With Leatherette, Solid Wood, Wood Veneer, Others and White tones, it blends structure and softness in one clean profile.<br>
Product Dimensions: Varies by variant (see Variant Details below).<br>
Size: Twin, Full</p>

<p>Features<br>
- Leatherette<br>
- Solid Wood<br>
- Wood Veneer<br>
- Others<br>
- Padded Camelback Headboard<br>
- Button Tufted<br>
- Optional Trundle<br>
- Turned Legs<br>
- Slat Kit Included<br>
<strong>Variant Details</strong><br>
- <strong>Size: Twin | Color: White | Dimensions: 80 1/4&quot;L X 44&quot;W X 55&quot;H | Weight: 349.8 lbs | Volume: 44.2 cuft</strong><br>
- <strong>Size: Full | Color: White | Dimensions: 80 1/4&quot;L X 58 3/4&quot;W X 55&quot;H | Weight: 372.9 lbs | Volume: 48.1 cuft</strong><br>
</p>

<p>Materials: Leatherette, Solid Wood, Wood Veneer, Others.<br>
Color: White<br>
Weight: 349.8 - 372.9 lbs</p>",GOODDEGG,Furniture > Furniture Sets > Bedroom Furniture Sets,Bedroom Set,"Furniture of America, Quick Ship Furniture, New Arrival, Indoor Furniture, 2026",TRUE,Size,Twin,,,,,,,,CM7155WH-T-4PC,158667,shopify,20,deny,manual,1917,,TRUE,FALSE,,,,,,CM7155WH.jpg,1,olivia-4-pc-bedroom-set,FALSE,OLIVIA 4 Pc. Bedroom Set,"Shop OLIVIA 4 Pc. Bedroom Set. Traditional style. Leatherette, Solid Wood build. Multiple sizes available. Free shipping. Buy now at GOODDEGG.",CM7155WH.jpg,lb,,799,active
olivia-4-pc-bedroom-set,,,,,,,,,Full,,,,,,,,CM7155WH-F-4PC,169145,shopify,20,deny,manual,2067,,TRUE,FALSE,,,,,,CM7155WH-CLOSEUP.jpg,2,olivia-4-pc-bedroom-set,,,,CM7155WH.jpg,lb,,849,
olivia-4-pc-bedroom-set,,,,,,,,,,,,,,,,,,,,,,,,,,,,,,,,CM7155WH-WB.jpg,3,olivia-4-pc-bedroom-set,,,,,,,,
olivia-4-pc-bedroom-set,,,,,,,,,,,,,,,,,,,,,,,,,,,,,,,,CM7155WH-1.jpg,4,olivia-4-pc-bedroom-set,,,,,,,,
priam-4-pc-bedroom-set,PRIAM 4 Pc. Bedroom Set,"<p><span style=""color:#1e73be;""><strong>FREE SHIPPING</strong></span><br>
Elevate your space with PRIAM, styled in Contemporary and designed for everyday comfort.<br>
This youth bedroom set is made to fit naturally into the room. With Solid Wood, Others and White/Gray tones, it blends structure and softness in one clean profile.<br>
Product Dimensions: Varies by variant (see Variant Details below).<br>
Size: Twin, Full</p>

<p>Features<br>
- Solid Wood<br>
- Others<br>
- Two-tone Color<br>
- Plank Design Headboard<br>
- Felt-lined Top Drawer<br>
- Ball Bearing Glides<br>
- Dovetail Drawers<br>
- Trundle Converts to Drawers<br>
- Mattress Ready<br>
<strong>Variant Details</strong><br>
- <strong>Size: Twin | Color: White/Gray | Dimensions: 79 5/8&quot;L X 41 1/2&quot;W X 50&quot;H | Weight: 283 lbs | Volume: 39.6 cuft</strong><br>
- <strong>Size: Full | Color: White/Gray | Dimensions: 79 5/8&quot;L X 56 1/4&quot;W X 50&quot;H | Weight: 306.3 lbs | Volume: 41.4 cuft</strong><br>
</p>

<p>Materials: Solid Wood, Others.<br>
Color: White/Gray<br>
Weight: 283 - 306.3 lbs</p>",GOODDEGG,Furniture > Furniture Sets > Bedroom Furniture Sets,Bedroom Set,"Furniture of America, Quick Ship Furniture, New Arrival, Indoor Furniture, 2026",TRUE,Size,Twin,,,,,,,,CM7467WH-T-4PC,128367,shopify,20,deny,manual,1647,,TRUE,FALSE,,,,,,CM7467WH-1-Z.jpg,1,priam-4-pc-bedroom-set,FALSE,PRIAM 4 Pc. Bedroom Set,"Shop PRIAM 4 Pc. Bedroom Set. Contemporary style. Solid Wood, Others build. Multiple sizes available. Free shipping. Buy now at GOODDEGG.",CM7467WH-1-Z.jpg,lb,,649,active
priam-4-pc-bedroom-set,,,,,,,,,Full,,,,,,,,CM7467WH-F-4PC,138935,shopify,20,deny,manual,1737,,TRUE,FALSE,,,,,,FOA7467WH-1.jpg,2,priam-4-pc-bedroom-set,,,,CM7467WH-1-Z.jpg,lb,,679,
priam-4-pc-bedroom-set,,,,,,,,,,,,,,,,,,,,,,,,,,,,,,,,FOA7467WH-1-Z.jpg,3,priam-4-pc-bedroom-set,,,,,,,,
roanne-4-pc-bedroom-set,ROANNE 4 Pc. Bedroom Set,"<p><span style=""color:#1e73be;""><strong>FREE SHIPPING</strong></span><br>
Elevate your space with ROANNE, styled in Transitional and designed for everyday comfort.<br>
This youth bedroom set is made to fit naturally into the room. With Fabric, Solid Wood, Wood Veneer, Others and Gray/Charcoal tones, it blends structure and softness in one clean profile.<br>
Product Dimensions: Varies by variant (see Variant Details below).<br>
Size: Twin, Full</p>

<p>Features<br>
- Fabric<br>
- Solid Wood<br>
- Wood Veneer<br>
- Others<br>
- Button-Tufted<br>
- Padded Headboard<br>
- Optional Trundle<br>
- Black Rectangular Pulls<br>
- Foundation Required<br>
<strong>Variant Details</strong><br>
- <strong>Size: Twin | Color: Gray/Charcoal | Dimensions: - | Weight: 258.7 lbs | Volume: 32 cuft</strong><br>
- <strong>Size: Full | Color: Gray/Charcoal | Dimensions: - | Weight: 272.9 lbs | Volume: 34 cuft</strong><br>
</p>

<p>Materials: Fabric, Solid Wood, Wood Veneer, Others.<br>
Color: Gray/Charcoal<br>
Weight: 258.7 - 272.9 lbs</p>",GOODDEGG,Furniture > Furniture Sets > Bedroom Furniture Sets,Bedroom Set,"Furniture of America, Quick Ship Furniture, New Arrival, Indoor Furniture, 2026",TRUE,Size,Twin,,,,,,,,FOA7927T-4PC,117344,shopify,20,deny,manual,1167,,TRUE,FALSE,,,,,,FOA7927-1-Z.jpg,1,roanne-4-pc-bedroom-set,FALSE,ROANNE 4 Pc. Bedroom Set,"Shop ROANNE 4 Pc. Bedroom Set. Transitional style. Fabric, Solid Wood build. Multiple sizes available. Free shipping. Buy now at GOODDEGG.",FOA7927-1-Z.jpg,lb,,479,active
roanne-4-pc-bedroom-set,,,,,,,,,Full,,,,,,,,FOA7927F-4PC,123785,shopify,20,deny,manual,1257,,TRUE,FALSE,,,,,,FOA7927-2.jpg,2,roanne-4-pc-bedroom-set,,,,FOA7927-1-Z.jpg,lb,,539,
roanne-4-pc-bedroom-set,,,,,,,,,,,,,,,,,,,,,,,,,,,,,,,,FOA7927-3.jpg,3,roanne-4-pc-bedroom-set,,,,,,,,
vevey-4-pc-bedroom-set,VEVEY 4 Pc. Bedroom Set,"<p><span style=""color:#1e73be;""><strong>FREE SHIPPING</strong></span><br>
Elevate your space with VEVEY, styled in Transitional and designed for everyday comfort.<br>
This youth bedroom set is made to fit naturally into the room. With Solid Wood, Wood Veneer, Others and Wire-Brushed Warm Gray tones, it blends structure and softness in one clean profile.<br>
Product Dimensions: Varies by variant (see Variant Details below).<br>
Size: Twin, Full</p>

<p>Features<br>
- Solid Wood<br>
- Wood Veneer<br>
- Others<br>
- Felt-lined Top Drawer<br>
- Optional Convertible Trundle<br>
- Wood Grain Texture<br>
- Round Pull Knobs<br>
- Foundation Required<br>
<strong>Variant Details</strong><br>
- <strong>Size: Twin | Color: Wire-Brushed Warm Gray | Dimensions: 82 1/2&quot;L X 42 7/8&quot;W X 50&quot;H | Weight: 283.8 lbs | Volume: 45.8 cuft</strong><br>
- <strong>Size: Full | Color: Wire-Brushed Warm Gray | Dimensions: 82 1/2&quot;L X 58 3/8&quot;W X 50&quot;H | Weight: 293.7 lbs | Volume: 46.4 cuft</strong><br>
</p>

<p>Materials: Solid Wood, Wood Veneer, Others.<br>
Color: Wire-Brushed Warm Gray<br>
Weight: 283.8 - 293.7 lbs</p>",GOODDEGG,Furniture > Furniture Sets > Bedroom Furniture Sets,Bedroom Set,"Furniture of America, Quick Ship Furniture, New Arrival, Indoor Furniture, 2026",TRUE,Size,Twin,,,,,,,,FOA7175T-4PC,128730,shopify,20,deny,manual,1737,,TRUE,FALSE,,,,,,FOA7175-1-Z.jpg,1,vevey-4-pc-bedroom-set,FALSE,VEVEY 4 Pc. Bedroom Set,"Shop VEVEY 4 Pc. Bedroom Set. Transitional style. Solid Wood, Wood Veneer build. Multiple sizes available. Free shipping. Buy now at GOODDEGG.",FOA7175-1-Z.jpg,lb,,749,active
vevey-4-pc-bedroom-set,,,,,,,,,Full,,,,,,,,FOA7175F-4PC,133220,shopify,20,deny,manual,1857,,TRUE,FALSE,,,,,,FOA7175-2.jpg,2,vevey-4-pc-bedroom-set,,,,FOA7175-1-Z.jpg,lb,,799,
vevey-4-pc-bedroom-set,,,,,,,,,,,,,,,,,,,,,,,,,,,,,,,,FOA7175-3.jpg,3,vevey-4-pc-bedroom-set,,,,,,,,
vevey-4-pc-bedroom-set,,,,,,,,,,,,,,,,,,,,,,,,,,,,,,,,FOA7175-4.jpg,4,vevey-4-pc-bedroom-set,,,,,,,,
vevey-4-pc-bedroom-set,,,,,,,,,,,,,,,,,,,,,,,,,,,,,,,,FOA7175-5.jpg,5,vevey-4-pc-bedroom-set,,,,,,,,
vevey-4-pc-bedroom-set,,,,,,,,,,,,,,,,,,,,,,,,,,,,,,,,FOA7175-6.jpg,6,vevey-4-pc-bedroom-set,,,,,,,,
vevey-4-pc-bedroom-set,,,,,,,,,,,,,,,,,,,,,,,,,,,,,,,,FOA7175-7.jpg,7,vevey-4-pc-bedroom-set,,,,,,,,
zohar-4-pc-bedroom-set,ZOHAR 4 Pc. Bedroom Set,"<p><span style=""color:#1e73be;""><strong>FREE SHIPPING</strong></span><br>
Elevate your space with ZOHAR, styled in Glam and designed for everyday comfort.<br>
This youth bedroom set is made to fit naturally into the room. With Velvet-like, Solid Wood, Others and Pink tones, it blends structure and softness in one clean profile.<br>
Product Dimensions: Varies by variant (see Variant Details below).<br>
Size: Twin, Full, Queen</p>

<p>Features<br>
- Velvet-like<br>
- Solid Wood<br>
- Others<br>
- Fully Upholstered<br>
- Wingback Design<br>
- Button Tufted Headboard<br>
- Crystal-Like Acrylic Buttons<br>
- Cabriole Legs<br>
<strong>Variant Details</strong><br>
- <strong>Size: Twin | Color: Pink | Dimensions: 88 1/8&quot;L X 62 1/2&quot;W X 56 1/2&quot;H | Weight: 482.46 lbs | Volume: 64.6 cuft</strong><br>
- <strong>Size: Full | Color: Pink | Dimensions: 88 1/8&quot;L X 76 1/2&quot;W X 56 1/2&quot;H | Weight: 512.16 lbs | Volume: 66.4 cuft</strong><br>
- <strong>Size: Queen | Color: Pink | Dimensions: 88 1/8&quot;L X 82 1/2&quot;W X 56 1/2&quot;H | Weight: 530.16 lbs | Volume: 67 cuft</strong><br>
</p>

<p>Materials: Velvet-like, Solid Wood, Others.<br>
Color: Pink<br>
Weight: 482.46 - 530.16 lbs</p>",GOODDEGG,Furniture > Furniture Sets > Bedroom Furniture Sets,Bedroom Set,"Furniture of America, Quick Ship Furniture, New Arrival, Indoor Furniture, 2026",TRUE,Size,Twin,,,,,,,,CM7130PK-T-4PC,218840,shopify,20,deny,manual,2037,,TRUE,FALSE,,,,,,CM7130PK-T-1-Z.jpg,1,zohar-4-pc-bedroom-set,FALSE,ZOHAR 4 Pc. Bedroom Set,"Shop ZOHAR 4 Pc. Bedroom Set. Glam style. Velvet-like, Solid Wood build. Multiple sizes available. Free shipping. Buy now at GOODDEGG.",CM7130PK-T-1-Z.jpg,lb,,839,active
zohar-4-pc-bedroom-set,,,,,,,,,Full,,,,,,,,CM7130PK-F-4PC,232312,shopify,20,deny,manual,2157,,TRUE,FALSE,,,,,,CM7130PK-3.jpg,2,zohar-4-pc-bedroom-set,,,,CM7130PK-1-Z.jpg,lb,,899,
zohar-4-pc-bedroom-set,,,,,,,,,Queen,,,,,,,,CM7130PK-Q-4PC,240477,shopify,20,deny,manual,2277,,TRUE,FALSE,,,,,,CM7130PK-4.jpg,3,zohar-4-pc-bedroom-set,,,,CM7130PK-1-Z.jpg,lb,,959,
zohar-4-pc-bedroom-set,,,,,,,,,,,,,,,,,,,,,,,,,,,,,,,,CM7130PK-1-Z.jpg,4,zohar-4-pc-bedroom-set,,,,,,,,
zohar-4-pc-bedroom-set,,,,,,,,,,,,,,,,,,,,,,,,,,,,,,,,CM7130PK-2.jpg,5,zohar-4-pc-bedroom-set,,,,,,,,
zohar-5-pc-bedroom-set-w-2ns,ZOHAR 5 Pc. Bedroom Set w/ 2NS,"<p><span style=""color:#1e73be;""><strong>FREE SHIPPING</strong></span><br>
ZOHAR 5 Pc. Bedroom Set w/ 2NS completes the bedroom with a relaxed, pulled-together look. As a youth bedroom set, it is designed to coordinate with matching pieces. The Glam character adds definition without feeling heavy. With Velvet-like, Solid Wood, construction and Pink tones, it blends durability with visual warmth.<br>
Product Dimensions: 88 1/8""L X 82 1/2""W X 56 1/2""H<br>
Size: Queen</p>

<p>Features<br>
- Fully Upholstered<br>
- Wingback Design<br>
- Button Tufted Headboard<br>
- Crystal-Like Acrylic Buttons<br>
- Cabriole Legs Included items and dimensions:<br>
- Nightstand: color: Pink; dimensions: 23"" W x 17 1 or 2""D x 26"" H; feature: Glam<br>
- Dresser: color: Pink; dimensions: 58 1 or 2"" W x 17 1 or 2""D x 36"" H; feature: Glam</p>

<p>Materials: Velvet-like, Solid Wood.<br>
Color: Pink<br>
Weight: 600.56 lbs</p>",GOODDEGG,Furniture > Furniture Sets > Bedroom Furniture Sets,Bedroom Set,"Furniture of America, Quick Ship Furniture, New Arrival, Indoor Furniture, 2026",TRUE,Size,Queen,,,,,,,,CM7130PK-Q-5PC-2NS,272409,shopify,20,deny,manual,2547,,TRUE,FALSE,,,,,,CM7130PK-1-Z.jpg,1,zohar-5-pc-bedroom-set-w-2ns,FALSE,ZOHAR 5 Pc. Bedroom Set w/ 2NS,"Shop ZOHAR 5 Pc. Bedroom Set w/ 2NS. Glam style. Velvet-like, Solid Wood build. Size: Queen. Free shipping. Buy now at GOODDEGG.",CM7130PK-1-Z.jpg,lb,,1079,active
zohar-5-pc-bedroom-set-w-2ns,,,,,,,,,,,,,,,,,,,,,,,,,,,,,,,,CM7130PK-2.jpg,2,zohar-5-pc-bedroom-set-w-2ns,,,,,,,,
zohar-5-pc-bedroom-set-w-2ns,,,,,,,,,,,,,,,,,,,,,,,,,,,,,,,,CM7130PK-3.jpg,3,zohar-5-pc-bedroom-set-w-2ns,,,,,,,,
zohar-5-pc-bedroom-set-w-2ns,,,,,,,,,,,,,,,,,,,,,,,,,,,,,,,,CM7130PK-4.jpg,4,zohar-5-pc-bedroom-set-w-2ns,,,,,,,,
zohar-5-pc-bedroom-set-w-chest,ZOHAR 5 Pc. Bedroom Set w/ Chest,"<p><span style=""color:#1e73be;""><strong>FREE SHIPPING</strong></span><br>
ZOHAR 5 Pc. Bedroom Set w/ Chest brings a restful, finished feel to the bedroom. This youth bedroom set is made to fit naturally into the room. A Glam profile gives the space a refined, approachable look. Finished in Pink tones, the Velvet-like, Solid Wood, build keeps the look polished and practical.<br>
Product Dimensions: 88 1/8""L X 82 1/2""W X 56 1/2""H<br>
Size: Queen</p>

<p>Features<br>
- Fully Upholstered<br>
- Wingback Design<br>
- Button Tufted Headboard<br>
- Crystal-Like Acrylic Buttons<br>
- Cabriole Legs Included items and dimensions:<br>
- Nightstand: color: Pink; dimensions: 23"" W x 17 1 or 2""D x 26"" H; feature: Glam<br>
- Dresser: color: Pink; dimensions: 58 1 or 2"" W x 17 1 or 2""D x 36"" H; feature: Glam<br>
- Chest: color: Pink; dimensions: 34 1 or 2"" W x 17 1 or 2""D x 49"" H; feature: Glam</p>

<p>Materials: Velvet-like, Solid Wood.<br>
Color: Pink<br>
Weight: 703.96 lbs</p>",GOODDEGG,Furniture > Furniture Sets > Bedroom Furniture Sets,Bedroom Set,"Furniture of America, Quick Ship Furniture, New Arrival, Indoor Furniture, 2026",TRUE,Size,Queen,,,,,,,,CM7130PK-Q-5PC-CHEST,319311,shopify,20,deny,manual,2904,,TRUE,FALSE,,,,,,CM7130PK-1-Z.jpg,1,zohar-5-pc-bedroom-set-w-chest,FALSE,ZOHAR 5 Pc. Bedroom Set w/ Chest,"Shop ZOHAR 5 Pc. Bedroom Set w/ Chest. Glam style. Velvet-like, Solid Wood build. Size: Queen. Free shipping. Buy now at GOODDEGG.",CM7130PK-1-Z.jpg,lb,,1228,active
zohar-5-pc-bedroom-set-w-chest,,,,,,,,,,,,,,,,,,,,,,,,,,,,,,,,CM7130PK-2.jpg,2,zohar-5-pc-bedroom-set-w-chest,,,,,,,,
zohar-5-pc-bedroom-set-w-chest,,,,,,,,,,,,,,,,,,,,,,,,,,,,,,,,CM7130PK-3.jpg,3,zohar-5-pc-bedroom-set-w-chest,,,,,,,,
zohar-5-pc-bedroom-set-w-chest,,,,,,,,,,,,,,,,,,,,,,,,,,,,,,,,CM7130PK-4.jpg,4,zohar-5-pc-bedroom-set-w-chest,,,,,,,,
lareina-bed-w-trundle,LAREINA Bed w/Trundle,"<p><span style=""color:#1e73be;""><strong>FREE SHIPPING</strong></span><br>
Elevate your space with LAREINA, styled in Contemporary and designed for everyday comfort.<br>
This youth bed is made to fit naturally into the room. With Fabric, Solid Rubberwood, Engineered Wood and Pearl White tones, it blends structure and softness in one clean profile.<br>
Product Dimensions: 58&quot;W X 80.5&quot;D X 52&quot;H<br>
Size: Twin, Full</p>

<p>Features<br>
- Fabric<br>
- Solid Rubberwood<br>
- Engineered Wood<br>
- LED on Headboard &amp; Mirror<br>
- Embossed Panels<br>
- Acrylic Handles &amp; Front Legs w/ Back Metal Legs<br>
- Mattress Ready<br>
<strong>Variant Details</strong><br>
- <strong>Size: Twin | Color: Pearl White | Dimensions: 58&quot;W X 80.5&quot;D X 52&quot;H | Weight: 258.85 lbs | Volume: 13.3 cuft</strong><br>
- <strong>Size: Full | Color: Pearl White | Dimensions: 58&quot;W X 80.5&quot;D X 52&quot;H | Weight: 256.62 lbs | Volume: 17.9 cuft</strong><br>
</p>

<p>Materials: Fabric, Solid Rubberwood, Engineered Wood.<br>
Color: Pearl White<br>
Weight: 256.62 - 258.85 lbs</p>",GOODDEGG,Furniture > Beds & Accessories > Beds & Bed Frames,Bed,"Furniture of America, Quick Ship Furniture, New Arrival, Indoor Furniture, 2026",TRUE,Size,Twin,,,,,,,,FM72081WH-T-BED+TR,117412,shopify,20,deny,manual,1437,,TRUE,FALSE,,,,,,FM72081WH-T-1-Z.jpg,1,lareina-bed-w-trundle,FALSE,LAREINA Bed w/Trundle,"Shop LAREINA Bed w/Trundle. Contemporary style. Fabric, Solid Rubberwood build. Multiple sizes available. Free shipping. Buy now at GOODDEGG.",FM72081WH-T-1-Z.jpg,lb,,549,active
lareina-bed-w-trundle,,,,,,,,,Full,,,,,,,,FM72081WH-F-BED+TR,116401,shopify,20,deny,manual,1497,,TRUE,FALSE,,,,,,FM72081WH-T-2.jpg,2,lareina-bed-w-trundle,,,,FM72081WH-T-1-Z.jpg,lb,,599,
lareina-bed-w-trundle,,,,,,,,,,,,,,,,,,,,,,,,,,,,,,,,FM72081WH-T-7.jpg,3,lareina-bed-w-trundle,,,,,,,,
lareina-bed-w-trundle,,,,,,,,,,,,,,,,,,,,,,,,,,,,,,,,FM72081WH-T-4.jpg,4,lareina-bed-w-trundle,,,,,,,,
lareina-bed-w-trundle,,,,,,,,,,,,,,,,,,,,,,,,,,,,,,,,FM72081WH-T-5.jpg,5,lareina-bed-w-trundle,,,,,,,,
lareina-bed-w-trundle,,,,,,,,,,,,,,,,,,,,,,,,,,,,,,,,FM72081WH-N-1.jpg,6,lareina-bed-w-trundle,,,,,,,,
lareina-bed-w-trundle,,,,,,,,,,,,,,,,,,,,,,,,,,,,,,,,FM72081WH-N-2.jpg,7,lareina-bed-w-trundle,,,,,,,,
lareina-bed-w-trundle,,,,,,,,,,,,,,,,,,,,,,,,,,,,,,,,FM72081WH-D-2.jpg,8,lareina-bed-w-trundle,,,,,,,,
lycorida-bed-w-trundle,LYCORIDA Bed w/Trundle,"<p><span style=""color:#1e73be;""><strong>FREE SHIPPING</strong></span><br>
Elevate your space with LYCORIDA, styled in Contemporary and designed for everyday comfort.<br>
This youth bed is made to fit naturally into the room. With Solid Wood, Engineered Wood, Transitional and Gray or White or Light Gray tones, it blends structure and softness in one clean profile.<br>
Product Dimensions: Varies by variant (see Variant Details below).<br>
Size: Full, Twin</p>

<p>Features<br>
- Solid Wood<br>
- Engineered Wood<br>
<strong>Variant Details</strong><br>
- <strong>Size: Full | Color: Gray | Dimensions: 56.5&quot;W X 80&quot;D X 54&quot;H | Weight: 203.5 lbs | Volume: 15.8 cuft</strong><br>
- <strong>Size: Full | Color: White | Dimensions: 80 1/4&quot;L X 56 3/4&quot;W X 54&quot;H | Weight: 203.5 lbs | Volume: 16.5 cuft</strong><br>
- <strong>Size: Twin | Color: Light Gray | Dimensions: 42&quot;W X 80&quot;D X 54&quot;H | Weight: 177.1 lbs | Volume: 13.5 cuft</strong><br>
- <strong>Size: Twin | Color: White | Dimensions: 80 1/4&quot;L X 42&quot;W X 54&quot;H | Weight: 177.1 lbs | Volume: 14.1 cuft</strong><br>
</p>

<p>Materials: Solid Wood, Engineered Wood, Transitional.<br>
Color: Gray or White or Light Gray<br>
Weight: 177.1 - 203.5 lbs</p>",GOODDEGG,Furniture > Beds & Accessories > Beds & Bed Frames,Bed,"Furniture of America, Quick Ship Furniture, New Arrival, Indoor Furniture, 2026",TRUE,Size,Full,,Color,Gray,,,,,CM7477GY-F-BED+TR,92306,shopify,20,deny,manual,837,,TRUE,FALSE,,,,,,CM7477GY-1-Z.jpg,1,lycorida-bed-w-trundle,FALSE,LYCORIDA Bed w/Trundle,"Shop LYCORIDA Bed w/Trundle. Contemporary style. Solid Wood, Engineered Wood build. Multiple sizes and colors available. Free shipping. Buy now at GOODDEGG.",CM7477GY-1-Z.jpg,lb,,329,active
lycorida-bed-w-trundle,,,,,,,,,Full,,,White,,,,,CM7477WH-F-BED+TR,92306,shopify,20,deny,manual,837,,TRUE,FALSE,,,,,,CM7477GY-2.jpg,2,lycorida-bed-w-trundle,,,,CM7477WH-1-Z.jpg,lb,,329,
lycorida-bed-w-trundle,,,,,,,,,Twin,,,Light Gray,,,,,CM7477GY-T-BED+TR,80331,shopify,20,deny,manual,747,,TRUE,FALSE,,,,,,CM7477GY-3.jpg,3,lycorida-bed-w-trundle,,,,CM7477GY-1-Z.jpg,lb,,299,
lycorida-bed-w-trundle,,,,,,,,,Twin,,,White,,,,,CM7477WH-T-BED+TR,80331,shopify,20,deny,manual,747,,TRUE,FALSE,,,,,,CM7477GY-4.jpg,4,lycorida-bed-w-trundle,,,,CM7477WH-1-Z.jpg,lb,,299,
lycorida-bed-w-trundle,,,,,,,,,,,,,,,,,,,,,,,,,,,,,,,,CM7477WH-1-Z.jpg,5,lycorida-bed-w-trundle,,,,,,,,
lycorida-bed-w-trundle,,,,,,,,,,,,,,,,,,,,,,,,,,,,,,,,CM7477WH-2.jpg,6,lycorida-bed-w-trundle,,,,,,,,
lycorida-bed-w-trundle,,,,,,,,,,,,,,,,,,,,,,,,,,,,,,,,CM7477WH-3.jpg,7,lycorida-bed-w-trundle,,,,,,,,
lycorida-bed-w-trundle,,,,,,,,,,,,,,,,,,,,,,,,,,,,,,,,CM7477WH-4.jpg,8,lycorida-bed-w-trundle,,,,,,,,
marilla-bed-w-storage,MARILLA Bed w/Storage,"<p><span style=""color:#1e73be;""><strong>FREE SHIPPING</strong></span><br>
Elevate your space with MARILLA, styled in Transitional and designed for everyday comfort.<br>
This youth bed is made to fit naturally into the room. With Solid Wood, Others and White tones, it blends structure and softness in one clean profile.<br>
Product Dimensions: Varies by variant (see Variant Details below).<br>
Size: Twin, Full</p>

<p>Features<br>
- Solid Wood<br>
- Others<br>
- Bookcase Headboard<br>
- Painted Hardware<br>
- Optional Underbed Drawers w/ Sliding Doors<br>
- Optional Underbed Trundle<br>
- Optional Underbed Trundle and Drawers Combo<br>
- Mattress Ready<br>
<strong>Variant Details</strong><br>
- <strong>Size: Twin | Color: White | Dimensions: 86&quot;L X 42 7/8&quot;W X 46 5/8&quot;H | Weight: 156.2 lbs | Volume: 23.5 cuft</strong><br>
- <strong>Size: Full | Color: White | Dimensions: 86&quot;L X 57 3/4&quot;W X 46 5/8&quot;H | Weight: 176 lbs | Volume: 26.7 cuft</strong><br>
</p>

<p>Materials: Solid Wood, Others.<br>
Color: White<br>
Weight: 156.2 - 176 lbs</p>",GOODDEGG,Furniture > Beds & Accessories > Beds & Bed Frames,Bed,"Furniture of America, Quick Ship Furniture, New Arrival, Indoor Furniture, 2026",TRUE,Size,Twin,,,,,,,,FOA7256WH-T-BED-SR,70851,shopify,20,deny,manual,1167,,TRUE,FALSE,,,,,,FOA7256WH-1-Z.jpg,1,marilla-bed-w-storage,FALSE,MARILLA Bed w/Storage,"Shop MARILLA Bed w/Storage. Transitional style. Solid Wood, Others build. Multiple sizes available. Free shipping. Buy now at GOODDEGG.",FOA7256WH-1-Z.jpg,lb,,439,active
marilla-bed-w-storage,,,,,,,,,Full,,,,,,,,FOA7256WH-F-BED-SR,79832,shopify,20,deny,manual,1377,,TRUE,FALSE,,,,,,FOA7256WH-2.jpg,2,marilla-bed-w-storage,,,,FOA7256WH-1-Z.jpg,lb,,519,
marilla-bed-w-storage,,,,,,,,,,,,,,,,,,,,,,,,,,,,,,,,FOA7256WH-3.jpg,3,marilla-bed-w-storage,,,,,,,,
marilla-bed-w-storage,,,,,,,,,,,,,,,,,,,,,,,,,,,,,,,,FOA7256WH-4.jpg,4,marilla-bed-w-storage,,,,,,,,
priam-bed-w-trundle,PRIAM Bed w/Trundle,"<p><span style=""color:#1e73be;""><strong>FREE SHIPPING</strong></span><br>
Elevate your space with PRIAM, styled in Contemporary and designed for everyday comfort.<br>
This youth bed is made to fit naturally into the room. With Solid Wood, Engineered Wood and White tones, it blends structure and softness in one clean profile.<br>
Product Dimensions: Varies by variant (see Variant Details below).<br>
Size: Twin, Full</p>

<p>Features<br>
- Solid Wood<br>
- Engineered Wood<br>
<strong>Variant Details</strong><br>
- <strong>Size: Twin | Color: White | Dimensions: 41.5&quot;W X 79.5&quot;D X 50&quot;H | Weight: 172 lbs | Volume: 10.7 cuft</strong><br>
- <strong>Size: Full | Color: White | Dimensions: 56&quot;W X 79.5&quot;D X 50&quot;H | Weight: 195.3 lbs | Volume: 12.5 cuft</strong><br>
</p>

<p>Materials: Solid Wood, Engineered Wood.<br>
Color: White<br>
Weight: 172 - 195.3 lbs</p>",GOODDEGG,Furniture > Beds & Accessories > Beds & Bed Frames,Bed,"Furniture of America, Quick Ship Furniture, New Arrival, Indoor Furniture, 2026",TRUE,Size,Twin,,,,,,,,CM7467WH-T-BED+TR,78018,shopify,20,deny,manual,717,,TRUE,FALSE,,,,,,CM7467WH-T-1.jpg,1,priam-bed-w-trundle,FALSE,PRIAM Bed w/Trundle,"Shop PRIAM Bed w/Trundle. Contemporary style. Solid Wood, Engineered Wood build. Multiple sizes available. Free shipping. Buy now at GOODDEGG.",CM7467WH-T-1.jpg,lb,,269,active
priam-bed-w-trundle,,,,,,,,,Full,,,,,,,,CM7467WH-F-BED+TR,88587,shopify,20,deny,manual,807,,TRUE,FALSE,,,,,,CM7467WH-D-2.jpg,2,priam-bed-w-trundle,,,,CM7467WH-1.jpg,lb,,299,
priam-bed-w-trundle,,,,,,,,,,,,,,,,,,,,,,,,,,,,,,,,CM7467WH-D-3.jpg,3,priam-bed-w-trundle,,,,,,,,
priam-bed-w-trundle,,,,,,,,,,,,,,,,,,,,,,,,,,,,,,,,CM7467WH-T-3.jpg,4,priam-bed-w-trundle,,,,,,,,
priam-bed-w-trundle,,,,,,,,,,,,,,,,,,,,,,,,,,,,,,,,CM7467WH-1.jpg,5,priam-bed-w-trundle,,,,,,,,
